id,data_inversa,uf,br,municipio,causa_acidente,tipo_acidente,classificacao_acidente,fase_dia,condicao_metereologica,tipo_pista,uso_solo,tipo_veiculo,estado_fisico,idade,sexo
1089257,10/04/2012,RN,226,MACAIBA,Ultrapassagem indevida,Saída de Pista,Com Vítimas Feridas,Pleno dia,Ceu Claro,Simples ,Rural ,Utilitário,Ferido Leve ,24.0,Masculino
1089297,10/04/2012,RN,101,NATAL,Outras,Colisão lateral,Sem Vítimas        ,Pleno dia,Ceu Claro,Dupla   ,Urbano,Ônibus,Ileso       ,35.0,Masculino
1089297,10/04/2012,RN,101,NATAL,Outras,Colisão lateral,Sem Vítimas        ,Pleno dia,Ceu Claro,Dupla   ,Urbano,Automóvel,Ileso       ,69.0,Feminino
1089306,10/04/2012,RN,101,NATAL,Outras,Colisão lateral,Sem Vítimas        ,Pleno dia,Ceu Claro,Dupla   ,Urbano,Ônibus,Ileso       ,29.0,Masculino
1089306,10/04/2012,RN,101,NATAL,Outras,Colisão lateral,Sem Vítimas        ,Pleno dia,Ceu Claro,Dupla   ,Urbano,Automóvel,Ignorado    ,-1.0,Inválido
1089339,10/04/2012,RN,101,NATAL,Não guardar distância de segurança,Colisão lateral,Sem Vítimas        ,Plena noite,Ceu Claro,Múltipla,Urbano,Automóvel,Ileso       ,41.0,Masculino
1089339,10/04/2012,RN,101,NATAL,Não guardar distância de segurança,Colisão lateral,Sem Vítimas        ,Plena noite,Ceu Claro,Múltipla,Urbano,Automóvel,Ileso       ,22.0,Masculino
1089370,10/04/2012,RN,101,NATAL,Falta de atenção,Colisão traseira,Sem Vítimas        ,Pleno dia,Ceu Claro,Dupla   ,Urbano,Caminhonete,Ileso       ,28.0,Masculino
1089370,10/04/2012,RN,101,NATAL,Falta de atenção,Colisão traseira,Sem Vítimas        ,Pleno dia,Ceu Claro,Dupla   ,Urbano,Automóvel,Ileso       ,19.0,Masculino
1089370,10/04/2012,RN,101,NATAL,Falta de atenção,Colisão traseira,Sem Vítimas        ,Pleno dia,Ceu Claro,Dupla   ,Urbano,Camioneta,Ileso       ,30.0,Masculino
1089465,08/04/2012,RN,101,SAO JOSE DE MIPIBU,Falta de atenção,Colisão traseira,Sem Vítimas        ,Anoitecer,Ceu Claro,Dupla   ,Rural ,Automóvel,Ileso       ,64.0,Masculino
1089465,08/04/2012,RN,101,SAO JOSE DE MIPIBU,Falta de atenção,Colisão traseira,Sem Vítimas        ,Anoitecer,Ceu Claro,Dupla   ,Rural ,Automóvel,Ileso       ,45.0,Masculino
1089496,08/04/2012,RN,304,MACAIBA,Não guardar distância de segurança,Colisão traseira,Sem Vítimas        ,Anoitecer,Ceu Claro,Simples ,Rural ,Automóvel,Ileso       ,41.0,Masculino
1089496,08/04/2012,RN,304,MACAIBA,Não guardar distância de segurança,Colisão traseira,Sem Vítimas        ,Anoitecer,Ceu Claro,Simples ,Rural ,Motocicletas,Ileso       ,50.0,Masculino
1089496,08/04/2012,RN,304,MACAIBA,Não guardar distância de segurança,Colisão traseira,Sem Vítimas        ,Anoitecer,Ceu Claro,Simples ,Rural ,Automóvel,Ileso       ,35.0,Masculino
1089531,03/04/2012,RN,304,MOSSORO,Outras,Capotamento,Sem Vítimas        ,Pleno dia,Ceu Claro,Simples ,Rural ,Automóvel,Ileso       ,36.0,Masculino
1089531,03/04/2012,RN,304,MOSSORO,Outras,Capotamento,Sem Vítimas        ,Pleno dia,Ceu Claro,Simples ,Rural ,Automóvel,Ileso       ,-1.0,Feminino
1089604,11/04/2012,RN,101,NATAL,Falta de atenção,Colisão traseira,Sem Vítimas        ,Pleno dia,Sol,Dupla   ,Urbano,Automóvel,Ileso       ,55.0,Masculino
1089604,11/04/2012,RN,101,NATAL,Falta de atenção,Colisão traseira,Sem Vítimas        ,Pleno dia,Sol,Dupla   ,Urbano,Caminhonete,Ileso       ,24.0,Masculino
1089614,11/04/2012,RN,101,PARNAMIRIM,Falta de atenção,Colisão traseira,Sem Vítimas        ,Pleno dia,Nublado,Dupla   ,Urbano,Automóvel,Ileso       ,33.0,Feminino
1089614,11/04/2012,RN,101,PARNAMIRIM,Falta de atenção,Colisão traseira,Sem Vítimas        ,Pleno dia,Nublado,Dupla   ,Urbano,Caminhão,Ileso       ,41.0,Masculino
1089636,08/04/2012,RN,101,PARNAMIRIM,Outras,Colisão com objeto fixo,Ignorado           ,Amanhecer,Ceu Claro,Dupla   ,Urbano,Automóvel,Ignorado    ,22.0,Masculino
1089666,06/04/2012,RN,101,SAO JOSE DE MIPIBU,Outras,Capotamento,Com Vítimas Feridas,Pleno dia,Chuva,Dupla   ,Rural ,Automóvel,Ileso       ,28.0,Masculino
1089666,06/04/2012,RN,101,SAO JOSE DE MIPIBU,Outras,Capotamento,Com Vítimas Feridas,Pleno dia,Chuva,Dupla   ,Rural ,Automóvel,Ferido Leve ,-1.0,Feminino
1089737,11/04/2012,RN,101,NATAL,Desobediência à sinalização,Colisão lateral,Com Vítimas Feridas,Pleno dia,Ceu Claro,Dupla   ,Urbano,Ciclomotor,Ferido Leve ,38.0,Masculino
1089737,11/04/2012,RN,101,NATAL,Desobediência à sinalização,Colisão lateral,Com Vítimas Feridas,Pleno dia,Ceu Claro,Dupla   ,Urbano,Automóvel,Ignorado    ,-1.0,Inválido
1089737,11/04/2012,RN,101,NATAL,Desobediência à sinalização,Colisão lateral,Com Vítimas Feridas,Pleno dia,Ceu Claro,Dupla   ,Urbano,Ciclomotor,Ferido Leve ,52.0,Feminino
1089778,11/04/2012,RN,101,SAO GONCALO DO AMARANTE,Outras,Colisão traseira,Sem Vítimas        ,Plena noite,Ceu Claro,Dupla   ,Urbano,Caminhonete,Ileso       ,28.0,Masculino
1089778,11/04/2012,RN,101,SAO GONCALO DO AMARANTE,Outras,Colisão traseira,Sem Vítimas        ,Plena noite,Ceu Claro,Dupla   ,Urbano,Caminhonete,Ileso       ,39.0,Feminino
1089825,10/04/2012,RN,101,SAO JOSE DE MIPIBU,Outras,Colisão Transversal,Com Vítimas Feridas,Pleno dia,Ceu Claro,Simples ,Urbano,Caminhonete,Ileso       ,22.0,Masculino
1089825,10/04/2012,RN,101,SAO JOSE DE MIPIBU,Outras,Colisão Transversal,Com Vítimas Feridas,Pleno dia,Ceu Claro,Simples ,Urbano,Bicicleta,Ferido Leve ,35.0,Masculino
1089828,26/03/2012,RN,304,ANGICOS,Falta de atenção,Colisão lateral,Sem Vítimas        ,Pleno dia,Ceu Claro,Simples ,Rural ,Caminhão-Trator,Ileso       ,34.0,Masculino
1089828,26/03/2012,RN,304,ANGICOS,Falta de atenção,Colisão lateral,Sem Vítimas        ,Pleno dia,Ceu Claro,Simples ,Rural ,Automóvel,Ileso       ,63.0,Masculino
1089902,11/04/2012,RN,226,SANTA CRUZ,Animais na Pista,Atropelamento de animal,Sem Vítimas        ,Plena noite,Ceu Claro,Simples ,Rural ,Automóvel,Ileso       ,29.0,Masculino
1089908,08/04/2012,RN,101,NATAL,Outras,Atropelamento de pessoa,Com Vítimas Feridas,Pleno dia,Ceu Claro,Dupla   ,Urbano,Motocicletas,Ileso       ,-1.0,Masculino
1089908,08/04/2012,RN,101,NATAL,Outras,Atropelamento de pessoa,Com Vítimas Feridas,Pleno dia,Ceu Claro,Dupla   ,Urbano,(null),Ferido Grave,-1.0,Masculino
1090125,06/04/2012,RN,101,GOIANINHA,Outras,Capotamento,Com Vítimas Feridas,Pleno dia,Chuva,Dupla   ,Rural ,Caminhonete,Ferido Grave,66.0,Masculino
1090125,06/04/2012,RN,101,GOIANINHA,Outras,Capotamento,Com Vítimas Feridas,Pleno dia,Chuva,Dupla   ,Rural ,Caminhonete,Ferido Leve ,37.0,Masculino
1090163,08/04/2012,RN,304,MACAIBA,Falta de atenção,Colisão traseira,Sem Vítimas        ,Pleno dia,Sol,Simples ,Urbano,Automóvel,Ileso       ,34.0,Masculino
1090163,08/04/2012,RN,304,MACAIBA,Falta de atenção,Colisão traseira,Sem Vítimas        ,Pleno dia,Sol,Simples ,Urbano,Automóvel,Ileso       ,-1.0,Feminino
1090192,17/03/2012,RN,101,SAO JOSE DE MIPIBU,Ingestão de álcool,Colisão com objeto fixo,Com Vítimas Feridas,Anoitecer,Ignorada,Dupla   ,Urbano,Motocicletas,Ferido Grave,35.0,Masculino
1090196,12/04/2012,RN,101,NATAL,Falta de atenção,Colisão lateral,Sem Vítimas        ,Pleno dia,Ceu Claro,Dupla   ,Urbano,Automóvel,Ileso       ,28.0,Masculino
1090196,12/04/2012,RN,101,NATAL,Falta de atenção,Colisão lateral,Sem Vítimas        ,Pleno dia,Ceu Claro,Dupla   ,Urbano,Motocicletas,Ileso       ,30.0,Masculino
1090218,21/03/2012,RN,101,NATAL,Falta de atenção,Colisão lateral,Ignorado           ,Amanhecer,Sol,Dupla   ,Urbano,Caminhão-Trator,Ignorado    ,-1.0,Masculino
1090218,21/03/2012,RN,101,NATAL,Falta de atenção,Colisão lateral,Ignorado           ,Amanhecer,Sol,Dupla   ,Urbano,Automóvel,Ignorado    ,-1.0,Masculino
1090278,04/04/2012,RN,304,MOSSORO,Animais na Pista,Atropelamento de animal,Sem Vítimas        ,Plena noite,Ceu Claro,Simples ,Rural ,Caminhão,Ileso       ,35.0,Masculino
1090280,10/04/2012,RN,226,NATAL,Falta de atenção,Colisão frontal,Com Vítimas Feridas,Plena noite,Ceu Claro,Simples ,Urbano,Motocicletas,Ferido Leve ,30.0,Masculino
1090280,10/04/2012,RN,226,NATAL,Falta de atenção,Colisão frontal,Com Vítimas Feridas,Plena noite,Ceu Claro,Simples ,Urbano,Automóvel,Ileso       ,61.0,Masculino
1090280,10/04/2012,RN,226,NATAL,Falta de atenção,Colisão frontal,Com Vítimas Feridas,Plena noite,Ceu Claro,Simples ,Urbano,Automóvel,Ileso       ,24.0,Feminino
1090280,10/04/2012,RN,226,NATAL,Falta de atenção,Colisão frontal,Com Vítimas Feridas,Plena noite,Ceu Claro,Simples ,Urbano,Automóvel,Ileso       ,55.0,Feminino
1090280,10/04/2012,RN,226,NATAL,Falta de atenção,Colisão frontal,Com Vítimas Feridas,Plena noite,Ceu Claro,Simples ,Urbano,Automóvel,Ileso       ,6.0,Masculino
1090313,12/04/2012,RN,101,PARNAMIRIM,Falta de atenção,Colisão traseira,Sem Vítimas        ,Pleno dia,Ceu Claro,Dupla   ,Urbano,Automóvel,Ileso       ,60.0,Feminino
1090313,12/04/2012,RN,101,PARNAMIRIM,Falta de atenção,Colisão traseira,Sem Vítimas        ,Pleno dia,Ceu Claro,Dupla   ,Urbano,Automóvel,Ileso       ,23.0,Masculino
1090348,12/04/2012,RN,101,PARNAMIRIM,Falta de atenção,Colisão traseira,Com Vítimas Feridas,Pleno dia,Ceu Claro,Dupla   ,Urbano,Automóvel,Ileso       ,45.0,Masculino
1090348,12/04/2012,RN,101,PARNAMIRIM,Falta de atenção,Colisão traseira,Com Vítimas Feridas,Pleno dia,Ceu Claro,Dupla   ,Urbano,Motocicletas,Ferido Leve ,32.0,Masculino
1090458,12/04/2012,RN,101,NATAL,Outras,Colisão traseira,Sem Vítimas        ,Plena noite,Ceu Claro,Dupla   ,Urbano,Motocicletas,Ileso       ,36.0,Masculino
1090458,12/04/2012,RN,101,NATAL,Outras,Colisão traseira,Sem Vítimas        ,Plena noite,Ceu Claro,Dupla   ,Urbano,Automóvel,Ileso       ,42.0,Masculino
1090500,12/04/2012,RN,226,NATAL,Não guardar distância de segurança,Colisão lateral,Sem Vítimas        ,Anoitecer,Ceu Claro,Simples ,Urbano,Automóvel,Ileso       ,26.0,Masculino
1090500,12/04/2012,RN,226,NATAL,Não guardar distância de segurança,Colisão lateral,Sem Vítimas        ,Anoitecer,Ceu Claro,Simples ,Urbano,Automóvel,Ileso       ,34.0,Masculino
1090615,12/04/2012,RN,101,NATAL,Falta de atenção,Colisão traseira,Sem Vítimas        ,Plena noite,Ceu Claro,Múltipla,Urbano,Caminhonete,Ileso       ,54.0,Masculino
1090615,12/04/2012,RN,101,NATAL,Falta de atenção,Colisão traseira,Sem Vítimas        ,Plena noite,Ceu Claro,Múltipla,Urbano,Automóvel,Ileso       ,31.0,Masculino
1090649,09/04/2012,RN,406,SAO GONCALO DO AMARANTE,Outras,Colisão traseira,Sem Vítimas        ,Pleno dia,Ceu Claro,Simples ,Urbano,Camioneta,Ileso       ,42.0,Masculino
1090649,09/04/2012,RN,406,SAO GONCALO DO AMARANTE,Outras,Colisão traseira,Sem Vítimas        ,Pleno dia,Ceu Claro,Simples ,Urbano,Automóvel,Ileso       ,32.0,Masculino
1090649,09/04/2012,RN,406,SAO GONCALO DO AMARANTE,Outras,Colisão traseira,Sem Vítimas        ,Pleno dia,Ceu Claro,Simples ,Urbano,Automóvel,Ileso       ,38.0,Feminino
1090649,09/04/2012,RN,406,SAO GONCALO DO AMARANTE,Outras,Colisão traseira,Sem Vítimas        ,Pleno dia,Ceu Claro,Simples ,Urbano,Automóvel,Ileso       ,19.0,Feminino
1090649,09/04/2012,RN,406,SAO GONCALO DO AMARANTE,Outras,Colisão traseira,Sem Vítimas        ,Pleno dia,Ceu Claro,Simples ,Urbano,Automóvel,Ileso       ,35.0,Feminino
1090692,09/04/2012,RN,101,NATAL,Outras,Colisão com objeto móvel,Sem Vítimas        ,Anoitecer,Ceu Claro,Múltipla,Urbano,Caminhão,Ileso       ,51.0,Masculino
1090692,09/04/2012,RN,101,NATAL,Outras,Colisão com objeto móvel,Sem Vítimas        ,Anoitecer,Ceu Claro,Múltipla,Urbano,Automóvel,Ileso       ,26.0,Masculino
1090720,13/04/2012,RN,101,NATAL,Outras,Colisão lateral,Sem Vítimas        ,Pleno dia,Ceu Claro,Dupla   ,Urbano,Caminhonete,Ileso       ,35.0,Masculino
1090720,13/04/2012,RN,101,NATAL,Outras,Colisão lateral,Sem Vítimas        ,Pleno dia,Ceu Claro,Dupla   ,Urbano,Ônibus,Ileso       ,31.0,Masculino
1090728,13/04/2012,RN,101,NATAL,Não guardar distância de segurança,Colisão lateral,Sem Vítimas        ,Pleno dia,Ceu Claro,Dupla   ,Urbano,Camioneta,Ileso       ,47.0,Feminino
1090728,13/04/2012,RN,101,NATAL,Não guardar distância de segurança,Colisão lateral,Sem Vítimas        ,Pleno dia,Ceu Claro,Dupla   ,Urbano,Ônibus,Ileso       ,42.0,Masculino
1090729,21/03/2012,RN,101,NATAL,Outras,Colisão lateral,Ignorado           ,Plena noite,Ignorada,Dupla   ,Urbano,Automóvel,Ignorado    ,56.0,Masculino
1090729,21/03/2012,RN,101,NATAL,Outras,Colisão lateral,Ignorado           ,Plena noite,Ignorada,Dupla   ,Urbano,Caminhão,Ignorado    ,-1.0,Masculino
1090767,13/04/2012,RN,101,NATAL,Falta de atenção,Colisão lateral,Com Vítimas Feridas,Pleno dia,Sol,Dupla   ,Urbano,Ônibus,Ileso       ,44.0,Masculino
1090767,13/04/2012,RN,101,NATAL,Falta de atenção,Colisão lateral,Com Vítimas Feridas,Pleno dia,Sol,Dupla   ,Urbano,Motoneta,Ferido Leve ,70.0,Masculino
1090830,09/04/2012,RN,110,MOSSORO,Desobediência à sinalização,Colisão Transversal,Sem Vítimas        ,Pleno dia,Ceu Claro,Dupla   ,Urbano,Automóvel,Ileso       ,28.0,Feminino
1090830,09/04/2012,RN,110,MOSSORO,Desobediência à sinalização,Colisão Transversal,Sem Vítimas        ,Pleno dia,Ceu Claro,Dupla   ,Urbano,Motoneta,Ileso       ,44.0,Masculino
1090851,12/04/2012,RN,101,PARNAMIRIM,Velocidade incompatível,Colisão Transversal,Com Vítimas Fatais ,Plena noite,Ceu Claro,Dupla   ,Urbano,Camioneta,Ferido Grave,33.0,Masculino
1090851,12/04/2012,RN,101,PARNAMIRIM,Velocidade incompatível,Colisão Transversal,Com Vítimas Fatais ,Plena noite,Ceu Claro,Dupla   ,Urbano,Automóvel,Ferido Grave,38.0,Masculino
1090851,12/04/2012,RN,101,PARNAMIRIM,Velocidade incompatível,Colisão Transversal,Com Vítimas Fatais ,Plena noite,Ceu Claro,Dupla   ,Urbano,Automóvel,Morto       ,-1.0,Masculino
1090888,13/04/2012,RN,406,JOAO CAMARA,Falta de atenção,Colisão Transversal,Com Vítimas Feridas,Pleno dia,Ceu Claro,Simples ,Urbano,Camioneta,Ileso       ,39.0,Masculino
1090888,13/04/2012,RN,406,JOAO CAMARA,Falta de atenção,Colisão Transversal,Com Vítimas Feridas,Pleno dia,Ceu Claro,Simples ,Urbano,Motocicletas,Ferido Leve ,37.0,Masculino
1090888,13/04/2012,RN,406,JOAO CAMARA,Falta de atenção,Colisão Transversal,Com Vítimas Feridas,Pleno dia,Ceu Claro,Simples ,Urbano,Motocicletas,Ferido Grave,29.0,Masculino
1090894,09/04/2012,RN,226,NATAL,Não guardar distância de segurança,Colisão traseira,Sem Vítimas        ,Pleno dia,Ceu Claro,Dupla   ,Urbano,Ônibus,Ileso       ,28.0,Masculino
1090894,09/04/2012,RN,226,NATAL,Não guardar distância de segurança,Colisão traseira,Sem Vítimas        ,Pleno dia,Ceu Claro,Dupla   ,Urbano,Automóvel,Ileso       ,52.0,Masculino
1090952,09/04/2012,RN,101,PARNAMIRIM,Falta de atenção,Colisão traseira,Sem Vítimas        ,Pleno dia,Sol,Múltipla,Urbano,Automóvel,Ileso       ,39.0,Masculino
1090952,09/04/2012,RN,101,PARNAMIRIM,Falta de atenção,Colisão traseira,Sem Vítimas        ,Pleno dia,Sol,Múltipla,Urbano,Caminhão-Trator,Ileso       ,28.0,Masculino
1090999,13/04/2012,RN,101,NATAL,Não guardar distância de segurança,Colisão traseira,Sem Vítimas        ,Pleno dia,Ceu Claro,Dupla   ,Urbano,Automóvel,Ileso       ,23.0,Masculino
1090999,13/04/2012,RN,101,NATAL,Não guardar distância de segurança,Colisão traseira,Sem Vítimas        ,Pleno dia,Ceu Claro,Dupla   ,Urbano,Automóvel,Ileso       ,35.0,Masculino
1090999,13/04/2012,RN,101,NATAL,Não guardar distância de segurança,Colisão traseira,Sem Vítimas        ,Pleno dia,Ceu Claro,Dupla   ,Urbano,Automóvel,Ileso       ,46.0,Masculino
1091202,13/04/2012,RN,101,NATAL,Outras,Atropelamento de pessoa,Com Vítimas Feridas,Plena noite,Ceu Claro,Múltipla,Urbano,Motocicletas,Ileso       ,38.0,Masculino
1091202,13/04/2012,RN,101,NATAL,Outras,Atropelamento de pessoa,Com Vítimas Feridas,Plena noite,Ceu Claro,Múltipla,Urbano,(null),Ferido Grave,-1.0,Feminino
1091240,04/04/2012,RN,304,ASSU,Outras,Incêndio,Sem Vítimas        ,Pleno dia,Ceu Claro,Simples ,Rural ,Automóvel,Ileso       ,38.0,Masculino
1091256,13/04/2012,RN,101,NATAL,Não guardar distância de segurança,Colisão traseira,Sem Vítimas        ,Anoitecer,Ceu Claro,Dupla   ,Urbano,Automóvel,Ileso       ,34.0,Masculino
1091256,13/04/2012,RN,101,NATAL,Não guardar distância de segurança,Colisão traseira,Sem Vítimas        ,Anoitecer,Ceu Claro,Dupla   ,Urbano,Automóvel,Ileso       ,31.0,Feminino
1091277,04/04/2012,RN,304,MOSSORO,Não guardar distância de segurança,Colisão traseira,Com Vítimas Feridas,Plena noite,Ceu Claro,Simples ,Rural ,Motocicletas,Ferido Grave,19.0,Masculino
1091277,04/04/2012,RN,304,MOSSORO,Não guardar distância de segurança,Colisão traseira,Com Vítimas Feridas,Plena noite,Ceu Claro,Simples ,Rural ,Não identificado,Ignorado    ,-1.0,Inválido
1091330,14/04/2012,RN,101,GOIANINHA,Falta de atenção,Colisão Transversal,Com Vítimas Feridas,Pleno dia,Ceu Claro,Dupla   ,Urbano,Motocicletas,Ferido Grave,39.0,Masculino
1091330,14/04/2012,RN,101,GOIANINHA,Falta de atenção,Colisão Transversal,Com Vítimas Feridas,Pleno dia,Ceu Claro,Dupla   ,Urbano,Automóvel,Ileso       ,40.0,Masculino
1091330,14/04/2012,RN,101,GOIANINHA,Falta de atenção,Colisão Transversal,Com Vítimas Feridas,Pleno dia,Ceu Claro,Dupla   ,Urbano,Motocicletas,Ferido Leve ,25.0,Masculino
1091542,06/04/2012,RN,226,BOM JESUS,Ingestão de álcool,Colisão lateral,Com Vítimas Fatais ,Plena noite,Ceu Claro,Simples ,Rural ,Motocicletas,Morto       ,39.0,Masculino
1091542,06/04/2012,RN,226,BOM JESUS,Ingestão de álcool,Colisão lateral,Com Vítimas Fatais ,Plena noite,Ceu Claro,Simples ,Rural ,Automóvel,Ileso       ,-1.0,Masculino
1091634,14/04/2012,RN,101,PARNAMIRIM,Ingestão de álcool,Colisão traseira,Com Vítimas Feridas,Pleno dia,Ceu Claro,Dupla   ,Urbano,Automóvel,Ileso       ,25.0,Masculino
1091634,14/04/2012,RN,101,PARNAMIRIM,Ingestão de álcool,Colisão traseira,Com Vítimas Feridas,Pleno dia,Ceu Claro,Dupla   ,Urbano,Motocicletas,Ferido Leve ,29.0,Masculino
1091683,14/04/2012,RN,304,MOSSORO,Outras,Colisão Transversal,Com Vítimas Feridas,Plena noite,Ceu Claro,Simples ,Urbano,Ciclomotor,Ferido Leve ,21.0,Feminino
1091683,14/04/2012,RN,304,MOSSORO,Outras,Colisão Transversal,Com Vítimas Feridas,Plena noite,Ceu Claro,Simples ,Urbano,Camioneta,Ignorado    ,-1.0,Inválido
1091684,14/04/2012,RN,304,MACAIBA,Ingestão de álcool,Colisão Transversal,Sem Vítimas        ,Plena noite,Ceu Claro,Simples ,Urbano,Automóvel,Ileso       ,63.0,Masculino
1091684,14/04/2012,RN,304,MACAIBA,Ingestão de álcool,Colisão Transversal,Sem Vítimas        ,Plena noite,Ceu Claro,Simples ,Urbano,Automóvel,Ileso       ,37.0,Masculino
1091698,14/04/2012,RN,304,ITAJA,Falta de atenção,Colisão Transversal,Com Vítimas Feridas,Pleno dia,Ceu Claro,Simples ,Urbano,Caminhonete,Ileso       ,47.0,Masculino
1091698,14/04/2012,RN,304,ITAJA,Falta de atenção,Colisão Transversal,Com Vítimas Feridas,Pleno dia,Ceu Claro,Simples ,Urbano,Automóvel,Ileso       ,44.0,Masculino
1091698,14/04/2012,RN,304,ITAJA,Falta de atenção,Colisão Transversal,Com Vítimas Feridas,Pleno dia,Ceu Claro,Simples ,Urbano,Automóvel,Ferido Leve ,15.0,Feminino
1091698,14/04/2012,RN,304,ITAJA,Falta de atenção,Colisão Transversal,Com Vítimas Feridas,Pleno dia,Ceu Claro,Simples ,Urbano,Automóvel,Ferido Leve ,40.0,Feminino
1091698,14/04/2012,RN,304,ITAJA,Falta de atenção,Colisão Transversal,Com Vítimas Feridas,Pleno dia,Ceu Claro,Simples ,Urbano,Automóvel,Ferido Leve ,15.0,Feminino
1091698,14/04/2012,RN,304,ITAJA,Falta de atenção,Colisão Transversal,Com Vítimas Feridas,Pleno dia,Ceu Claro,Simples ,Urbano,Automóvel,Ferido Leve ,26.0,Feminino
1091881,11/04/2012,RN,101,TOUROS,Outras,Colisão traseira,Com Vítimas Fatais ,Plena noite,Ceu Claro,Simples ,Rural ,Motocicletas,Morto       ,30.0,Masculino
1091881,11/04/2012,RN,101,TOUROS,Outras,Colisão traseira,Com Vítimas Fatais ,Plena noite,Ceu Claro,Simples ,Rural ,Caminhonete,Ileso       ,-1.0,Masculino
1091895,15/04/2012,RN,226,CAMPO REDONDO,Falta de atenção,Colisão lateral,Com Vítimas Feridas,Plena noite,Ceu Claro,Simples ,Rural ,Motocicletas,Ferido Grave,50.0,Masculino
1091895,15/04/2012,RN,226,CAMPO REDONDO,Falta de atenção,Colisão lateral,Com Vítimas Feridas,Plena noite,Ceu Claro,Simples ,Rural ,Ônibus,Ileso       ,33.0,Masculino
1091895,15/04/2012,RN,226,CAMPO REDONDO,Falta de atenção,Colisão lateral,Com Vítimas Feridas,Plena noite,Ceu Claro,Simples ,Rural ,Motocicletas,Ferido Grave,10.0,Masculino
1092006,15/04/2012,RN,304,MACAIBA,Falta de atenção,Colisão Transversal,Com Vítimas Feridas,Plena noite,Nublado,Simples ,Urbano,Automóvel,Ileso       ,48.0,Masculino
1092006,15/04/2012,RN,304,MACAIBA,Falta de atenção,Colisão Transversal,Com Vítimas Feridas,Plena noite,Nublado,Simples ,Urbano,Bicicleta,Ferido Grave,50.0,Masculino
1092022,13/04/2012,RN,304,MOSSORO,Falta de atenção,Colisão lateral,Com Vítimas Feridas,Plena noite,Ceu Claro,Simples ,Urbano,Automóvel,Ileso       ,24.0,Masculino
1092022,13/04/2012,RN,304,MOSSORO,Falta de atenção,Colisão lateral,Com Vítimas Feridas,Plena noite,Ceu Claro,Simples ,Urbano,Motocicletas,Ferido Leve ,42.0,Masculino
1092048,13/04/2012,RN,110,MOSSORO,Falta de atenção,Colisão traseira,Sem Vítimas        ,Pleno dia,Ceu Claro,Simples ,Urbano,Automóvel,Ileso       ,50.0,Masculino
1092048,13/04/2012,RN,110,MOSSORO,Falta de atenção,Colisão traseira,Sem Vítimas        ,Pleno dia,Ceu Claro,Simples ,Urbano,Caminhão,Ileso       ,33.0,Masculino
1092092,31/03/2012,RN,304,MOSSORO,Animais na Pista,Atropelamento de animal,Sem Vítimas        ,Plena noite,Ceu Claro,Simples ,Rural ,Automóvel,Ileso       ,22.0,Masculino
1092097,09/04/2012,RN,101,NATAL,Outras,Colisão traseira,Sem Vítimas        ,Pleno dia,Ceu Claro,Múltipla,Urbano,Automóvel,Ileso       ,19.0,Masculino
1092097,09/04/2012,RN,101,NATAL,Outras,Colisão traseira,Sem Vítimas        ,Pleno dia,Ceu Claro,Múltipla,Urbano,Automóvel,Ileso       ,-1.0,Masculino
1092110,15/04/2012,RN,226,MACAIBA,Falta de atenção,Colisão lateral,Sem Vítimas        ,Pleno dia,Ceu Claro,Simples ,Urbano,Automóvel,Ileso       ,56.0,Masculino
1092110,15/04/2012,RN,226,MACAIBA,Falta de atenção,Colisão lateral,Sem Vítimas        ,Pleno dia,Ceu Claro,Simples ,Urbano,Automóvel,Ileso       ,35.0,Masculino
1092171,15/04/2012,RN,406,SAO GONCALO DO AMARANTE,Outras,Colisão Transversal,Com Vítimas Feridas,Plena noite,Vento,Simples ,Urbano,Automóvel,Ferido Leve ,-1.0,Masculino
1092171,15/04/2012,RN,406,SAO GONCALO DO AMARANTE,Outras,Colisão Transversal,Com Vítimas Feridas,Plena noite,Vento,Simples ,Urbano,Automóvel,Ileso       ,-1.0,Inválido
1092171,15/04/2012,RN,406,SAO GONCALO DO AMARANTE,Outras,Colisão Transversal,Com Vítimas Feridas,Plena noite,Vento,Simples ,Urbano,Automóvel,Ferido Leve ,28.0,Masculino
1092171,15/04/2012,RN,406,SAO GONCALO DO AMARANTE,Outras,Colisão Transversal,Com Vítimas Feridas,Plena noite,Vento,Simples ,Urbano,Automóvel,Ferido Leve ,-1.0,Masculino
1092181,15/04/2012,RN,101,EXTREMOZ,Falta de atenção,Colisão traseira,Sem Vítimas        ,Plena noite,Ceu Claro,Dupla   ,Rural ,Automóvel,Ileso       ,21.0,Masculino
1092181,15/04/2012,RN,101,EXTREMOZ,Falta de atenção,Colisão traseira,Sem Vítimas        ,Plena noite,Ceu Claro,Dupla   ,Rural ,Automóvel,Ileso       ,-1.0,Masculino
1092196,15/04/2012,RN,405,GOVERNADOR DIX-SEPT ROSADO,Animais na Pista,Atropelamento de animal,Sem Vítimas        ,Plena noite,Ceu Claro,Simples ,Rural ,Automóvel,Ileso       ,35.0,Masculino
1092196,15/04/2012,RN,405,GOVERNADOR DIX-SEPT ROSADO,Animais na Pista,Atropelamento de animal,Sem Vítimas        ,Plena noite,Ceu Claro,Simples ,Rural ,Automóvel,Ileso       ,37.0,Masculino