id,data_inversa,uf,br,municipio,causa_acidente,tipo_acidente,classificacao_acidente,fase_dia,condicao_metereologica,tipo_pista,uso_solo,tipo_veiculo,estado_fisico,idade,sexo
1095184,21/04/2012,RN,101,PARNAMIRIM,Não guardar distância de segurança,Colisão lateral,Com Vítimas Fatais ,Pleno dia,Ceu Claro,Dupla   ,Urbano,Motocicletas,Morto       ,35.0,Masculino
1095184,21/04/2012,RN,101,PARNAMIRIM,Não guardar distância de segurança,Colisão lateral,Com Vítimas Fatais ,Pleno dia,Ceu Claro,Dupla   ,Urbano,Motocicletas,Ferido Leve ,27.0,Masculino
1095186,21/04/2012,RN,101,SAO JOSE DE MIPIBU,Falta de atenção,Colisão traseira,Com Vítimas Feridas,Pleno dia,Ceu Claro,Dupla   ,Rural ,Bicicleta,Ferido Leve ,38.0,Masculino
1095186,21/04/2012,RN,101,SAO JOSE DE MIPIBU,Falta de atenção,Colisão traseira,Com Vítimas Feridas,Pleno dia,Ceu Claro,Dupla   ,Rural ,Ônibus,Ileso       ,38.0,Masculino
1095196,21/04/2012,RN,304,MOSSORO,Defeito mecânico em veículo,Saída de Pista,Sem Vítimas        ,Plena noite,Ceu Claro,Simples ,Rural ,Caminhão-Trator,Ileso       ,-1.0,Masculino
1095244,21/04/2012,RN,101,PARNAMIRIM,Outras,Colisão traseira,Sem Vítimas        ,Plena noite,Nublado,Dupla   ,Urbano,Caminhonete,Ignorado    ,-1.0,Inválido
1095244,21/04/2012,RN,101,PARNAMIRIM,Outras,Colisão traseira,Sem Vítimas        ,Plena noite,Nublado,Dupla   ,Urbano,Automóvel,Ileso       ,30.0,Masculino
1095489,19/04/2012,RN,304,ITAJA,Falta de atenção,Colisão Transversal,Sem Vítimas        ,Pleno dia,Sol,Simples ,Rural ,Caminhão-Trator,Ileso       ,47.0,Masculino
1095489,19/04/2012,RN,304,ITAJA,Falta de atenção,Colisão Transversal,Sem Vítimas        ,Pleno dia,Sol,Simples ,Rural ,Automóvel,Ileso       ,53.0,Masculino
1095580,19/04/2012,RN,304,MACAIBA,Não guardar distância de segurança,Colisão traseira,Com Vítimas Feridas,Pleno dia,Ceu Claro,Simples ,Urbano,Caminhão,Ileso       ,41.0,Masculino
1095580,19/04/2012,RN,304,MACAIBA,Não guardar distância de segurança,Colisão traseira,Com Vítimas Feridas,Pleno dia,Ceu Claro,Simples ,Urbano,Motocicletas,Ferido Leve ,37.0,Masculino
1095606,22/04/2012,RN,304,MACAIBA,Outras,Colisão traseira,Com Vítimas Feridas,Pleno dia,Ceu Claro,Simples ,Rural ,Automóvel,Ileso       ,39.0,Masculino
1095606,22/04/2012,RN,304,MACAIBA,Outras,Colisão traseira,Com Vítimas Feridas,Pleno dia,Ceu Claro,Simples ,Rural ,Caminhonete,Ferido Leve ,31.0,Masculino
1095680,22/04/2012,RN,304,RIACHUELO,Outras,Colisão Transversal,Com Vítimas Feridas,Pleno dia,Ceu Claro,Simples ,Rural ,Automóvel,Ferido Grave,37.0,Masculino
1095680,22/04/2012,RN,304,RIACHUELO,Outras,Colisão Transversal,Com Vítimas Feridas,Pleno dia,Ceu Claro,Simples ,Rural ,Automóvel,Ferido Grave,-1.0,Masculino
1095680,22/04/2012,RN,304,RIACHUELO,Outras,Colisão Transversal,Com Vítimas Feridas,Pleno dia,Ceu Claro,Simples ,Rural ,Caminhão,Ignorado    ,-1.0,Inválido
1095760,22/04/2012,RN,304,MOSSORO,Desobediência à sinalização,Colisão lateral,Com Vítimas Feridas,Pleno dia,Ceu Claro,Simples ,Urbano,Automóvel,Ileso       ,37.0,Masculino
1095760,22/04/2012,RN,304,MOSSORO,Desobediência à sinalização,Colisão lateral,Com Vítimas Feridas,Pleno dia,Ceu Claro,Simples ,Urbano,Motoneta,Ferido Grave,-1.0,Masculino
1095760,22/04/2012,RN,304,MOSSORO,Desobediência à sinalização,Colisão lateral,Com Vítimas Feridas,Pleno dia,Ceu Claro,Simples ,Urbano,Motoneta,Ferido Leve ,15.0,Masculino
1095812,22/04/2012,RN,101,PARNAMIRIM,Outras,Colisão lateral,Com Vítimas Feridas,Plena noite,Nublado,Dupla   ,Urbano,Motocicletas,Ferido Grave,32.0,Masculino
1095812,22/04/2012,RN,101,PARNAMIRIM,Outras,Colisão lateral,Com Vítimas Feridas,Plena noite,Nublado,Dupla   ,Urbano,Automóvel,Ignorado    ,-1.0,Inválido
1095812,22/04/2012,RN,101,PARNAMIRIM,Outras,Colisão lateral,Com Vítimas Feridas,Plena noite,Nublado,Dupla   ,Urbano,Motocicletas,Ferido Leve ,25.0,Masculino
1096040,22/04/2012,RN,304,MOSSORO,Falta de atenção,Queda de motocicleta / bicicleta / veículo,Com Vítimas Feridas,Pleno dia,Sol,Dupla   ,Urbano,Motoneta,Ferido Leve ,44.0,Masculino
1096044,23/04/2012,RN,101,SAO GONCALO DO AMARANTE,Não guardar distância de segurança,Colisão traseira,Com Vítimas Feridas,Pleno dia,Ceu Claro,Dupla   ,Urbano,Motocicletas,Ferido Leve ,43.0,Masculino
1096044,23/04/2012,RN,101,SAO GONCALO DO AMARANTE,Não guardar distância de segurança,Colisão traseira,Com Vítimas Feridas,Pleno dia,Ceu Claro,Dupla   ,Urbano,Motocicletas,Ignorado    ,-1.0,Inválido
1096069,23/04/2012,RN,304,MOSSORO,Falta de atenção,Colisão lateral,Sem Vítimas        ,Pleno dia,Ceu Claro,Simples ,Urbano,Automóvel,Ileso       ,56.0,Masculino
1096069,23/04/2012,RN,304,MOSSORO,Falta de atenção,Colisão lateral,Sem Vítimas        ,Pleno dia,Ceu Claro,Simples ,Urbano,Caminhão,Ileso       ,64.0,Masculino
1096133,22/04/2012,RN,304,ASSU,Animais na Pista,Atropelamento de animal,Com Vítimas Feridas,Plena noite,Ceu Claro,Simples ,Rural ,Motocicletas,Ferido Grave,26.0,Masculino
1096133,22/04/2012,RN,304,ASSU,Animais na Pista,Atropelamento de animal,Com Vítimas Feridas,Plena noite,Ceu Claro,Simples ,Rural ,Motocicletas,Ferido Grave,18.0,Feminino
1096145,23/04/2012,RN,101,PARNAMIRIM,Falta de atenção,Colisão traseira,Sem Vítimas        ,(null),Sol,Múltipla,Urbano,Caminhonete,Ileso       ,35.0,Masculino
1096145,23/04/2012,RN,101,PARNAMIRIM,Falta de atenção,Colisão traseira,Sem Vítimas        ,(null),Sol,Múltipla,Urbano,Automóvel,Ileso       ,39.0,Feminino
1096158,19/04/2012,RN,101,NATAL,Não guardar distância de segurança,Colisão traseira,Sem Vítimas        ,Plena noite,Ceu Claro,Múltipla,Urbano,Automóvel,Ileso       ,27.0,Feminino
1096158,19/04/2012,RN,101,NATAL,Não guardar distância de segurança,Colisão traseira,Sem Vítimas        ,Plena noite,Ceu Claro,Múltipla,Urbano,Automóvel,Ileso       ,23.0,Masculino
1096188,23/04/2012,RN,101,NATAL,Desobediência à sinalização,Colisão Transversal,Sem Vítimas        ,Pleno dia,Ceu Claro,Múltipla,Urbano,Automóvel,Ileso       ,55.0,Feminino
1096188,23/04/2012,RN,101,NATAL,Desobediência à sinalização,Colisão Transversal,Sem Vítimas        ,Pleno dia,Ceu Claro,Múltipla,Urbano,Automóvel,Ileso       ,21.0,Feminino
1096188,23/04/2012,RN,101,NATAL,Desobediência à sinalização,Colisão Transversal,Sem Vítimas        ,Pleno dia,Ceu Claro,Múltipla,Urbano,Microônibus,Ileso       ,25.0,Masculino
1096193,23/04/2012,RN,101,NATAL,Falta de atenção,Colisão lateral,Sem Vítimas        ,Pleno dia,Ceu Claro,Múltipla,Urbano,Ônibus,Ileso       ,29.0,Masculino
1096193,23/04/2012,RN,101,NATAL,Falta de atenção,Colisão lateral,Sem Vítimas        ,Pleno dia,Ceu Claro,Múltipla,Urbano,Automóvel,Ileso       ,63.0,Masculino
1096222,23/04/2012,RN,406,SAO GONCALO DO AMARANTE,Outras,Colisão Transversal,Com Vítimas Feridas,Pleno dia,Sol,Simples ,Rural ,Automóvel,Ileso       ,40.0,Masculino
1096222,23/04/2012,RN,406,SAO GONCALO DO AMARANTE,Outras,Colisão Transversal,Com Vítimas Feridas,Pleno dia,Sol,Simples ,Rural ,Motocicletas,Ferido Leve ,33.0,Masculino
1096245,23/04/2012,RN,101,CANGUARETAMA,Outras,Capotamento,Sem Vítimas        ,Pleno dia,Ceu Claro,Dupla   ,Rural ,Automóvel,Ileso       ,24.0,Masculino
1096280,23/04/2012,RN,304,MACAIBA,Outras,Colisão lateral,Sem Vítimas        ,Pleno dia,Sol,Simples ,Urbano,Automóvel,Ileso       ,45.0,Feminino
1096280,23/04/2012,RN,304,MACAIBA,Outras,Colisão lateral,Sem Vítimas        ,Pleno dia,Sol,Simples ,Urbano,Caminhão,Ileso       ,34.0,Masculino
1096281,19/04/2012,RN,304,MACAIBA,Falta de atenção,Colisão lateral,Sem Vítimas        ,Pleno dia,Sol,Simples ,Rural ,Automóvel,Ileso       ,22.0,Masculino
1096281,19/04/2012,RN,304,MACAIBA,Falta de atenção,Colisão lateral,Sem Vítimas        ,Pleno dia,Sol,Simples ,Rural ,Automóvel,Ileso       ,34.0,Masculino
1096281,19/04/2012,RN,304,MACAIBA,Falta de atenção,Colisão lateral,Sem Vítimas        ,Pleno dia,Sol,Simples ,Rural ,Automóvel,Ileso       ,53.0,Masculino
1096519,16/04/2012,RN,427,CAICO,Ingestão de álcool,Atropelamento de pessoa,Com Vítimas Feridas,Plena noite,Ceu Claro,Simples ,Urbano,Motocicletas,Ferido Leve ,25.0,Masculino
1096519,16/04/2012,RN,427,CAICO,Ingestão de álcool,Atropelamento de pessoa,Com Vítimas Feridas,Plena noite,Ceu Claro,Simples ,Urbano,(null),Ferido Grave,44.0,Masculino
1096556,21/04/2012,RN,101,NATAL,Outras,Colisão traseira,Com Vítimas Feridas,Plena noite,Ceu Claro,Dupla   ,Urbano,Motocicletas,Ferido Grave,19.0,Masculino
1096556,21/04/2012,RN,101,NATAL,Outras,Colisão traseira,Com Vítimas Feridas,Plena noite,Ceu Claro,Dupla   ,Urbano,Automóvel,Ileso       ,20.0,Masculino
1096572,20/04/2012,RN,304,MACAIBA,Falta de atenção,Colisão lateral,Sem Vítimas        ,Pleno dia,Sol,Simples ,Rural ,Caminhão,Ileso       ,48.0,Masculino
1096572,20/04/2012,RN,304,MACAIBA,Falta de atenção,Colisão lateral,Sem Vítimas        ,Pleno dia,Sol,Simples ,Rural ,Automóvel,Ileso       ,34.0,Masculino
1096631,21/04/2012,RN,101,SAO GONCALO DO AMARANTE,Falta de atenção,Colisão lateral,Sem Vítimas        ,Pleno dia,Ceu Claro,Simples ,Urbano,Caminhão-Trator,Ileso       ,54.0,Masculino
1096631,21/04/2012,RN,101,SAO GONCALO DO AMARANTE,Falta de atenção,Colisão lateral,Sem Vítimas        ,Pleno dia,Ceu Claro,Simples ,Urbano,Automóvel,Ileso       ,32.0,Masculino
1096686,17/04/2012,RN,101,NATAL,Outras,Colisão traseira,Sem Vítimas        ,Plena noite,Ceu Claro,Dupla   ,Urbano,Automóvel,Ileso       ,53.0,Masculino
1096686,17/04/2012,RN,101,NATAL,Outras,Colisão traseira,Sem Vítimas        ,Plena noite,Ceu Claro,Dupla   ,Urbano,Camioneta,Ileso       ,26.0,Masculino
1096698,20/04/2012,RN,406,CEARA-MIRIM,Outras,Colisão traseira,Com Vítimas Feridas,Anoitecer,Ceu Claro,Simples ,Urbano,Automóvel,Ileso       ,28.0,Masculino
1096698,20/04/2012,RN,406,CEARA-MIRIM,Outras,Colisão traseira,Com Vítimas Feridas,Anoitecer,Ceu Claro,Simples ,Urbano,Motocicletas,Ferido Leve ,43.0,Masculino
1096698,20/04/2012,RN,406,CEARA-MIRIM,Outras,Colisão traseira,Com Vítimas Feridas,Anoitecer,Ceu Claro,Simples ,Urbano,Motocicletas,Ferido Leve ,17.0,Masculino
1096703,24/04/2012,RN,101,SAO GONCALO DO AMARANTE,Falta de atenção,Colisão traseira,Sem Vítimas        ,Pleno dia,Ceu Claro,Simples ,Urbano,Automóvel,Ileso       ,22.0,Feminino
1096703,24/04/2012,RN,101,SAO GONCALO DO AMARANTE,Falta de atenção,Colisão traseira,Sem Vítimas        ,Pleno dia,Ceu Claro,Simples ,Urbano,Caminhão,Ileso       ,46.0,Masculino
1096766,24/04/2012,RN,101,SAO JOSE DE MIPIBU,Falta de atenção,Colisão lateral,Com Vítimas Feridas,Pleno dia,Ceu Claro,Dupla   ,Urbano,Ciclomotor,Ferido Leve ,17.0,Masculino
1096766,24/04/2012,RN,101,SAO JOSE DE MIPIBU,Falta de atenção,Colisão lateral,Com Vítimas Feridas,Pleno dia,Ceu Claro,Dupla   ,Urbano,Ciclomotor,Ferido Grave,36.0,Feminino
1096766,24/04/2012,RN,101,SAO JOSE DE MIPIBU,Falta de atenção,Colisão lateral,Com Vítimas Feridas,Pleno dia,Ceu Claro,Dupla   ,Urbano,Automóvel,Ileso       ,37.0,Masculino
1096795,24/04/2012,RN,101,NATAL,Defeito mecânico em veículo,Colisão com objeto móvel,Sem Vítimas        ,Pleno dia,Ceu Claro,Dupla   ,Urbano,Caminhonete,Ileso       ,-1.0,Masculino
1096795,24/04/2012,RN,101,NATAL,Defeito mecânico em veículo,Colisão com objeto móvel,Sem Vítimas        ,Pleno dia,Ceu Claro,Dupla   ,Urbano,Ônibus,Ileso       ,-1.0,Masculino
1096816,24/04/2012,RN,304,MACAIBA,Falta de atenção,Colisão Transversal,Com Vítimas Feridas,Anoitecer,Ceu Claro,Dupla   ,Rural ,Caminhão-Trator,Ileso       ,33.0,Masculino
1096816,24/04/2012,RN,304,MACAIBA,Falta de atenção,Colisão Transversal,Com Vítimas Feridas,Anoitecer,Ceu Claro,Dupla   ,Rural ,Ciclomotor,Ferido Leve ,-1.0,Masculino
1096826,24/04/2012,RN,101,NATAL,Não guardar distância de segurança,Colisão traseira,Sem Vítimas        ,Plena noite,Ceu Claro,Dupla   ,Urbano,Automóvel,Ileso       ,30.0,Feminino
1096826,24/04/2012,RN,101,NATAL,Não guardar distância de segurança,Colisão traseira,Sem Vítimas        ,Plena noite,Ceu Claro,Dupla   ,Urbano,Automóvel,Ileso       ,23.0,Feminino
1096916,25/04/2012,RN,101,SAO JOSE DE MIPIBU,Falta de atenção,Saída de Pista,Sem Vítimas        ,Plena noite,Chuva,Dupla   ,Rural ,Automóvel,Ileso       ,34.0,Feminino
1096932,24/04/2012,RN,110,AREIA BRANCA,Outras,Colisão lateral,Com Vítimas Feridas,Pleno dia,Sol,Simples ,Rural ,Motocicletas,Ferido Grave,36.0,Masculino
1096932,24/04/2012,RN,110,AREIA BRANCA,Outras,Colisão lateral,Com Vítimas Feridas,Pleno dia,Sol,Simples ,Rural ,Ônibus,Ileso       ,36.0,Masculino
1097009,25/04/2012,RN,304,MOSSORO,Falta de atenção,Colisão traseira,Sem Vítimas        ,Pleno dia,Ceu Claro,Simples ,Rural ,Automóvel,Ileso       ,24.0,Masculino
1097009,25/04/2012,RN,304,MOSSORO,Falta de atenção,Colisão traseira,Sem Vítimas        ,Pleno dia,Ceu Claro,Simples ,Rural ,Automóvel,Ileso       ,35.0,Masculino
1097020,24/04/2012,RN,101,PARNAMIRIM,Falta de atenção,Colisão lateral,Sem Vítimas        ,Pleno dia,Ceu Claro,Dupla   ,Urbano,Ônibus,Ileso       ,-1.0,Masculino
1097020,24/04/2012,RN,101,PARNAMIRIM,Falta de atenção,Colisão lateral,Sem Vítimas        ,Pleno dia,Ceu Claro,Dupla   ,Urbano,Automóvel,Ileso       ,-1.0,Feminino
1097057,21/04/2012,RN,304,FERNANDO PEDROZA,Outras,Saída de Pista,Com Vítimas Fatais ,Pleno dia,Ceu Claro,Simples ,Rural ,Motocicletas,Morto       ,30.0,Masculino
1097057,21/04/2012,RN,304,FERNANDO PEDROZA,Outras,Saída de Pista,Com Vítimas Fatais ,Pleno dia,Ceu Claro,Simples ,Rural ,Motocicletas,Ferido Grave,-1.0,Masculino
1097133,21/04/2012,RN,406,CEARA-MIRIM,Outras,Colisão com objeto fixo,Ignorado           ,Anoitecer,Vento,Simples ,Urbano,Ônibus,Ignorado    ,-1.0,Inválido
1097181,25/04/2012,RN,304,MOSSORO,Outras,Saída de Pista,Com Vítimas Feridas,Pleno dia,Chuva,Dupla   ,Urbano,Automóvel,Ileso       ,35.0,Masculino
1097181,25/04/2012,RN,304,MOSSORO,Outras,Saída de Pista,Com Vítimas Feridas,Pleno dia,Chuva,Dupla   ,Urbano,Automóvel,Ferido Leve ,-1.0,Feminino
1097237,25/04/2012,RN,101,NATAL,Falta de atenção,Colisão traseira,Sem Vítimas        ,Pleno dia,Nublado,Dupla   ,Urbano,Automóvel,Ileso       ,34.0,Feminino
1097237,25/04/2012,RN,101,NATAL,Falta de atenção,Colisão traseira,Sem Vítimas        ,Pleno dia,Nublado,Dupla   ,Urbano,Automóvel,Ileso       ,28.0,Masculino
1097278,25/04/2012,RN,226,NATAL,Falta de atenção,Colisão Transversal,Com Vítimas Feridas,Anoitecer,Ceu Claro,Simples ,Urbano,Automóvel,Ileso       ,42.0,Masculino
1097278,25/04/2012,RN,226,NATAL,Falta de atenção,Colisão Transversal,Com Vítimas Feridas,Anoitecer,Ceu Claro,Simples ,Urbano,Motocicletas,Ferido Leve ,22.0,Masculino
1097280,25/04/2012,RN,304,MOSSORO,Outras,Colisão com bicicleta,Com Vítimas Feridas,Plena noite,Ceu Claro,Simples ,Urbano,Bicicleta,Ileso       ,-1.0,Inválido
1097280,25/04/2012,RN,304,MOSSORO,Outras,Colisão com bicicleta,Com Vítimas Feridas,Plena noite,Ceu Claro,Simples ,Urbano,Motocicletas,Ferido Grave,-1.0,Masculino
1097301,22/04/2012,RN,304,MACAIBA,Falta de atenção,Colisão traseira,Sem Vítimas        ,Pleno dia,Ceu Claro,Simples ,Urbano,Automóvel,Ileso       ,43.0,Masculino
1097301,22/04/2012,RN,304,MACAIBA,Falta de atenção,Colisão traseira,Sem Vítimas        ,Pleno dia,Ceu Claro,Simples ,Urbano,Automóvel,Ileso       ,26.0,Masculino
1097319,25/04/2012,RN,101,PARNAMIRIM,Outras,Colisão Transversal,Com Vítimas Feridas,Plena noite,Nublado,Dupla   ,Urbano,Automóvel,Ileso       ,52.0,Masculino
1097319,25/04/2012,RN,101,PARNAMIRIM,Outras,Colisão Transversal,Com Vítimas Feridas,Plena noite,Nublado,Dupla   ,Urbano,Motoneta,Ferido Grave,50.0,Masculino
1097419,25/04/2012,RN,304,MOSSORO,Outras,Colisão traseira,Com Vítimas Fatais ,Plena noite,Ceu Claro,Simples ,Rural ,Motoneta,Ferido Leve ,41.0,Masculino
1097419,25/04/2012,RN,304,MOSSORO,Outras,Colisão traseira,Com Vítimas Fatais ,Plena noite,Ceu Claro,Simples ,Rural ,Motoneta,Morto       ,41.0,Masculino
1097419,25/04/2012,RN,304,MOSSORO,Outras,Colisão traseira,Com Vítimas Fatais ,Plena noite,Ceu Claro,Simples ,Rural ,Caminhão,Ileso       ,59.0,Masculino
1097472,22/04/2012,RN,226,MACAIBA,Falta de atenção,Colisão Transversal,Sem Vítimas        ,Plena noite,Ceu Claro,Simples ,Urbano,Automóvel,Ileso       ,33.0,Feminino
1097472,22/04/2012,RN,226,MACAIBA,Falta de atenção,Colisão Transversal,Sem Vítimas        ,Plena noite,Ceu Claro,Simples ,Urbano,Motocicletas,Ileso       ,22.0,Masculino
1097473,26/04/2012,RN,101,PARNAMIRIM,Outras,Colisão Transversal,Sem Vítimas        ,Pleno dia,Ceu Claro,Dupla   ,Urbano,Ônibus,Ileso       ,25.0,Masculino
1097473,26/04/2012,RN,101,PARNAMIRIM,Outras,Colisão Transversal,Sem Vítimas        ,Pleno dia,Ceu Claro,Dupla   ,Urbano,Motocicletas,Ileso       ,30.0,Masculino
1097475,24/04/2012,RN,304,MOSSORO,Falta de atenção,Colisão traseira,Sem Vítimas        ,Anoitecer,Ceu Claro,Dupla   ,Urbano,Ciclomotor,Ileso       ,48.0,Masculino
1097475,24/04/2012,RN,304,MOSSORO,Falta de atenção,Colisão traseira,Sem Vítimas        ,Anoitecer,Ceu Claro,Dupla   ,Urbano,Automóvel,Ileso       ,29.0,Masculino
1097491,22/04/2012,RN,226,NATAL,Ingestão de álcool,Colisão frontal,Com Vítimas Feridas,Plena noite,Ceu Claro,Simples ,Urbano,Automóvel,Ileso       ,-1.0,Masculino
1097491,22/04/2012,RN,226,NATAL,Ingestão de álcool,Colisão frontal,Com Vítimas Feridas,Plena noite,Ceu Claro,Simples ,Urbano,Motoneta,Ferido Grave,-1.0,Masculino
1097493,18/04/2012,RN,405,MOSSORO,Não guardar distância de segurança,Colisão traseira,Sem Vítimas        ,Amanhecer,Ceu Claro,Múltipla,Urbano,Motoneta,Ileso       ,-1.0,Masculino
1097493,18/04/2012,RN,405,MOSSORO,Não guardar distância de segurança,Colisão traseira,Sem Vítimas        ,Amanhecer,Ceu Claro,Múltipla,Urbano,Ônibus,Ileso       ,40.0,Masculino
1097591,29/01/2012,RN,427,SERRA NEGRA DO NORTE,Desobediência à sinalização,Colisão Transversal,Com Vítimas Feridas,Pleno dia,Nublado,Simples ,Rural ,Caminhão-Trator,Ileso       ,44.0,Masculino
1097591,29/01/2012,RN,427,SERRA NEGRA DO NORTE,Desobediência à sinalização,Colisão Transversal,Com Vítimas Feridas,Pleno dia,Nublado,Simples ,Rural ,Automóvel,Ignorado    ,31.0,Inválido
1097591,29/01/2012,RN,427,SERRA NEGRA DO NORTE,Desobediência à sinalização,Colisão Transversal,Com Vítimas Feridas,Pleno dia,Nublado,Simples ,Rural ,Automóvel,Ferido Leve ,23.0,Feminino
1097591,29/01/2012,RN,427,SERRA NEGRA DO NORTE,Desobediência à sinalização,Colisão Transversal,Com Vítimas Feridas,Pleno dia,Nublado,Simples ,Rural ,Automóvel,Ferido Leve ,-1.0,Feminino
1097591,29/01/2012,RN,427,SERRA NEGRA DO NORTE,Desobediência à sinalização,Colisão Transversal,Com Vítimas Feridas,Pleno dia,Nublado,Simples ,Rural ,Automóvel,Ferido Leve ,-1.0,Feminino
1097591,29/01/2012,RN,427,SERRA NEGRA DO NORTE,Desobediência à sinalização,Colisão Transversal,Com Vítimas Feridas,Pleno dia,Nublado,Simples ,Rural ,Automóvel,Ferido Leve ,45.0,Masculino
1097614,22/04/2012,RN,101,PARNAMIRIM,Falta de atenção,Colisão traseira,Sem Vítimas        ,Pleno dia,Ceu Claro,Dupla   ,Urbano,Automóvel,Ileso       ,32.0,Masculino
1097614,22/04/2012,RN,101,PARNAMIRIM,Falta de atenção,Colisão traseira,Sem Vítimas        ,Pleno dia,Ceu Claro,Dupla   ,Urbano,Automóvel,Ileso       ,36.0,Masculino
1097620,24/04/2012,RN,304,MACAIBA,Falta de atenção,Colisão traseira,Sem Vítimas        ,Amanhecer,Ceu Claro,Simples ,Urbano,Camioneta,Ileso       ,43.0,Masculino
1097620,24/04/2012,RN,304,MACAIBA,Falta de atenção,Colisão traseira,Sem Vítimas        ,Amanhecer,Ceu Claro,Simples ,Urbano,Caminhonete,Ileso       ,31.0,Masculino
1097639,26/04/2012,RN,101,NATAL,Outras,Colisão lateral,Sem Vítimas        ,Pleno dia,Ceu Claro,Dupla   ,Urbano,Automóvel,Ileso       ,30.0,Masculino
1097639,26/04/2012,RN,101,NATAL,Outras,Colisão lateral,Sem Vítimas        ,Pleno dia,Ceu Claro,Dupla   ,Urbano,Automóvel,Ileso       ,34.0,Masculino
1097643,26/04/2012,RN,101,NATAL,Outras,Colisão lateral,Sem Vítimas        ,Pleno dia,Ceu Claro,Dupla   ,Urbano,Automóvel,Ileso       ,25.0,Masculino
1097643,26/04/2012,RN,101,NATAL,Outras,Colisão lateral,Sem Vítimas        ,Pleno dia,Ceu Claro,Dupla   ,Urbano,Caminhonete,Ileso       ,40.0,Masculino
1097659,23/04/2012,RN,101,NATAL,Falta de atenção,Colisão traseira,Com Vítimas Feridas,Amanhecer,Ceu Claro,Dupla   ,Urbano,Automóvel,Ileso       ,28.0,Masculino
1097659,23/04/2012,RN,101,NATAL,Falta de atenção,Colisão traseira,Com Vítimas Feridas,Amanhecer,Ceu Claro,Dupla   ,Urbano,Motocicletas,Ferido Grave,-1.0,Masculino
1097830,26/04/2012,RN,101,NATAL,Animais na Pista,Atropelamento de animal,Sem Vítimas        ,Amanhecer,Ceu Claro,Dupla   ,Urbano,Ônibus,Ileso       ,34.0,Masculino
1097830,26/04/2012,RN,101,NATAL,Animais na Pista,Atropelamento de animal,Sem Vítimas        ,Amanhecer,Ceu Claro,Dupla   ,Urbano,Automóvel,Ileso       ,35.0,Masculino
1097884,26/04/2012,RN,110,MOSSORO,Falta de atenção,Colisão traseira,Sem Vítimas        ,Plena noite,Ceu Claro,Simples ,Urbano,Automóvel,Ileso       ,28.0,Feminino
1097884,26/04/2012,RN,110,MOSSORO,Falta de atenção,Colisão traseira,Sem Vítimas        ,Plena noite,Ceu Claro,Simples ,Urbano,Automóvel,Ileso       ,54.0,Masculino
1097967,24/04/2012,RN,405,RAFAEL FERNANDES,Outras,Colisão lateral,Sem Vítimas        ,Pleno dia,Sol,Simples ,Rural ,Caminhão-Trator,Ileso       ,40.0,Masculino
1097967,24/04/2012,RN,405,RAFAEL FERNANDES,Outras,Colisão lateral,Sem Vítimas        ,Pleno dia,Sol,Simples ,Rural ,Caminhonete,Ileso       ,43.0,Masculino
1097972,27/04/2012,RN,304,MOSSORO,Outras,Colisão lateral,Com Vítimas Feridas,Pleno dia,Sol,Simples ,Urbano,Motocicletas,Ferido Leve ,20.0,Feminino
1097972,27/04/2012,RN,304,MOSSORO,Outras,Colisão lateral,Com Vítimas Feridas,Pleno dia,Sol,Simples ,Urbano,Motoneta,Ferido Leve ,66.0,Masculino
1098010,23/04/2012,RN,110,MOSSORO,Outras,Colisão lateral,Sem Vítimas        ,Pleno dia,Sol,Dupla   ,Urbano,Automóvel,Ileso       ,23.0,Masculino
1098010,23/04/2012,RN,110,MOSSORO,Outras,Colisão lateral,Sem Vítimas        ,Pleno dia,Sol,Dupla   ,Urbano,Caminhão-Trator,Ileso       ,32.0,Masculino
1098019,27/04/2012,RN,101,PARNAMIRIM,Falta de atenção,Colisão lateral,Sem Vítimas        ,Pleno dia,Sol,Dupla   ,Urbano,Caminhão,Ileso       ,48.0,Masculino
1098019,27/04/2012,RN,101,PARNAMIRIM,Falta de atenção,Colisão lateral,Sem Vítimas        ,Pleno dia,Sol,Dupla   ,Urbano,Automóvel,Ileso       ,34.0,Masculino
1098040,23/04/2012,RN,101,NATAL,Falta de atenção,Colisão lateral,Sem Vítimas        ,Pleno dia,Sol,Múltipla,Urbano,Caminhão,Ileso       ,40.0,Masculino
1098040,23/04/2012,RN,101,NATAL,Falta de atenção,Colisão lateral,Sem Vítimas        ,Pleno dia,Sol,Múltipla,Urbano,Automóvel,Ileso       ,30.0,Masculino
1098069,21/03/2012,RN,110,MOSSORO,Falta de atenção,Colisão lateral,Sem Vítimas        ,Pleno dia,Ceu Claro,Dupla   ,Urbano,Utilitário,Ileso       ,43.0,Masculino
1098069,21/03/2012,RN,110,MOSSORO,Falta de atenção,Colisão lateral,Sem Vítimas        ,Pleno dia,Ceu Claro,Dupla   ,Urbano,Automóvel,Ileso       ,31.0,Feminino
1098102,27/04/2012,RN,101,NATAL,Falta de atenção,Colisão lateral,Sem Vítimas        ,Pleno dia,Sol,Dupla   ,Rural ,Automóvel,Ileso       ,25.0,Feminino
1098102,27/04/2012,RN,101,NATAL,Falta de atenção,Colisão lateral,Sem Vítimas        ,Pleno dia,Sol,Dupla   ,Rural ,Caminhão-Trator,Ileso       ,30.0,Masculino
1098115,27/04/2012,RN,101,PARNAMIRIM,Falta de atenção,Colisão Transversal,Sem Vítimas        ,Pleno dia,Ceu Claro,Múltipla,Urbano,Automóvel,Ileso       ,29.0,Masculino