id,data_inversa,uf,br,municipio,causa_acidente,tipo_acidente,classificacao_acidente,fase_dia,condicao_metereologica,tipo_pista,uso_solo,tipo_veiculo,estado_fisico,idade,sexo
1101622,21/04/2012,RN,405,PAU DOS FERROS,Outras,Colisão traseira,Com Vítimas Feridas,Plena noite,Ceu Claro,Simples ,Urbano,Motoneta,Ferido Leve ,22.0,Masculino
1101622,21/04/2012,RN,405,PAU DOS FERROS,Outras,Colisão traseira,Com Vítimas Feridas,Plena noite,Ceu Claro,Simples ,Urbano,Trator de rodas,Ignorado    ,-1.0,Masculino
1101654,29/04/2012,RN,405,PAU DOS FERROS,Desobediência à sinalização,Colisão lateral,Com Vítimas Feridas,Plena noite,Ceu Claro,Simples ,Urbano,Motocicletas,Ferido Leve ,21.0,Masculino
1101654,29/04/2012,RN,405,PAU DOS FERROS,Desobediência à sinalização,Colisão lateral,Com Vítimas Feridas,Plena noite,Ceu Claro,Simples ,Urbano,Motocicletas,Ferido Leve ,49.0,Masculino
1101694,01/05/2012,RN,110,AREIA BRANCA,Desobediência à sinalização,Colisão Transversal,Com Vítimas Feridas,Pleno dia,Ceu Claro,Dupla   ,Urbano,Motocicletas,Ferido Leve ,49.0,Masculino
1101694,01/05/2012,RN,110,AREIA BRANCA,Desobediência à sinalização,Colisão Transversal,Com Vítimas Feridas,Pleno dia,Ceu Claro,Dupla   ,Urbano,Caminhonete,Ileso       ,51.0,Masculino
1101695,21/02/2012,RN,101,NATAL,Desobediência à sinalização,Colisão Transversal,Sem Vítimas        ,Pleno dia,Ceu Claro,Dupla   ,Urbano,Automóvel,Ignorado    ,52.0,Masculino
1101695,21/02/2012,RN,101,NATAL,Desobediência à sinalização,Colisão Transversal,Sem Vítimas        ,Pleno dia,Ceu Claro,Dupla   ,Urbano,Caminhonete,Ileso       ,49.0,Masculino
1101727,04/05/2012,RN,101,NATAL,Falta de atenção,Colisão traseira,Sem Vítimas        ,Pleno dia,Ceu Claro,Múltipla,Urbano,Automóvel,Ileso       ,27.0,Masculino
1101727,04/05/2012,RN,101,NATAL,Falta de atenção,Colisão traseira,Sem Vítimas        ,Pleno dia,Ceu Claro,Múltipla,Urbano,Motocicletas,Ileso       ,49.0,Feminino
1101821,02/05/2012,RN,101,PARNAMIRIM,Falta de atenção,Colisão traseira,Sem Vítimas        ,Plena noite,Ceu Claro,Múltipla,Urbano,Microônibus,Ileso       ,35.0,Masculino
1101821,02/05/2012,RN,101,PARNAMIRIM,Falta de atenção,Colisão traseira,Sem Vítimas        ,Plena noite,Ceu Claro,Múltipla,Urbano,Automóvel,Ileso       ,31.0,Masculino
1101833,04/05/2012,RN,304,MACAIBA,Falta de atenção,Colisão traseira,Com Vítimas Feridas,Pleno dia,Ceu Claro,Dupla   ,Urbano,Ônibus,Ileso       ,26.0,Masculino
1101833,04/05/2012,RN,304,MACAIBA,Falta de atenção,Colisão traseira,Com Vítimas Feridas,Pleno dia,Ceu Claro,Dupla   ,Urbano,Motocicletas,Ferido Grave,27.0,Masculino
1101855,04/05/2012,RN,226,SANTA CRUZ,Ingestão de álcool,Colisão com objeto fixo,Com Vítimas Feridas,Pleno dia,Ceu Claro,Simples ,Rural ,Motocicletas,Ferido Leve ,56.0,Masculino
1101867,04/05/2012,RN,101,PARNAMIRIM,Outras,Colisão lateral,Sem Vítimas        ,Pleno dia,Ceu Claro,Dupla   ,Urbano,Automóvel,Ileso       ,26.0,Feminino
1101867,04/05/2012,RN,101,PARNAMIRIM,Outras,Colisão lateral,Sem Vítimas        ,Pleno dia,Ceu Claro,Dupla   ,Urbano,Microônibus,Ileso       ,26.0,Masculino
1101907,03/05/2012,RN,226,NATAL,Outras,Colisão Transversal,Com Vítimas Feridas,Pleno dia,Sol,Dupla   ,Urbano,Automóvel,Ileso       ,42.0,Masculino
1101907,03/05/2012,RN,226,NATAL,Outras,Colisão Transversal,Com Vítimas Feridas,Pleno dia,Sol,Dupla   ,Urbano,Motocicletas,Ferido Leve ,27.0,Masculino
1101930,04/05/2012,RN,101,SAO GONCALO DO AMARANTE,Outras,Colisão lateral,Sem Vítimas        ,Plena noite,Ceu Claro,Múltipla,Urbano,Automóvel,Ileso       ,45.0,Feminino
1101930,04/05/2012,RN,101,SAO GONCALO DO AMARANTE,Outras,Colisão lateral,Sem Vítimas        ,Plena noite,Ceu Claro,Múltipla,Urbano,Caminhão,Ileso       ,22.0,Masculino
1101934,04/05/2012,RN,101,SAO GONCALO DO AMARANTE,Falta de atenção,Colisão lateral,Sem Vítimas        ,Pleno dia,Ceu Claro,Dupla   ,Urbano,Caminhão-Trator,Ileso       ,25.0,Masculino
1101934,04/05/2012,RN,101,SAO GONCALO DO AMARANTE,Falta de atenção,Colisão lateral,Sem Vítimas        ,Pleno dia,Ceu Claro,Dupla   ,Urbano,Caminhonete,Ignorado    ,-1.0,Masculino
1101942,28/04/2012,RN,101,SAO JOSE DE MIPIBU,Falta de atenção,Colisão Transversal,Sem Vítimas        ,Pleno dia,Ceu Claro,Dupla   ,Rural ,Caminhonete,Ileso       ,30.0,Masculino
1101942,28/04/2012,RN,101,SAO JOSE DE MIPIBU,Falta de atenção,Colisão Transversal,Sem Vítimas        ,Pleno dia,Ceu Claro,Dupla   ,Rural ,Camioneta,Ileso       ,60.0,Masculino
1101942,28/04/2012,RN,101,SAO JOSE DE MIPIBU,Falta de atenção,Colisão Transversal,Sem Vítimas        ,Pleno dia,Ceu Claro,Dupla   ,Rural ,Ônibus,Ileso       ,25.0,Masculino
1101961,03/05/2012,RN,304,PARNAMIRIM,Outras,Colisão traseira,Sem Vítimas        ,Pleno dia,Sol,Dupla   ,Urbano,Automóvel,Ileso       ,65.0,Masculino
1101961,03/05/2012,RN,304,PARNAMIRIM,Outras,Colisão traseira,Sem Vítimas        ,Pleno dia,Sol,Dupla   ,Urbano,Automóvel,Ileso       ,44.0,Masculino
1102061,01/05/2012,RN,101,PARNAMIRIM,Ingestão de álcool,Colisão traseira,Sem Vítimas        ,Plena noite,Ceu Claro,Dupla   ,Urbano,Automóvel,Ileso       ,66.0,Masculino
1102061,01/05/2012,RN,101,PARNAMIRIM,Ingestão de álcool,Colisão traseira,Sem Vítimas        ,Plena noite,Ceu Claro,Dupla   ,Urbano,Automóvel,Ileso       ,27.0,Masculino
1102130,05/05/2012,RN,304,MOSSORO,Ultrapassagem indevida,Colisão lateral,Sem Vítimas        ,Pleno dia,Sol,Simples ,Urbano,Automóvel,Ileso       ,38.0,Masculino
1102130,05/05/2012,RN,304,MOSSORO,Ultrapassagem indevida,Colisão lateral,Sem Vítimas        ,Pleno dia,Sol,Simples ,Urbano,Caminhão-Trator,Ileso       ,38.0,Masculino
1102151,01/05/2012,RN,304,MOSSORO,Ingestão de álcool,Colisão traseira,Sem Vítimas        ,Plena noite,Ignorada,Dupla   ,Urbano,Automóvel,Ileso       ,-1.0,Masculino
1102151,01/05/2012,RN,304,MOSSORO,Ingestão de álcool,Colisão traseira,Sem Vítimas        ,Plena noite,Ignorada,Dupla   ,Urbano,Automóvel,Ileso       ,36.0,Masculino
1102282,05/05/2012,RN,101,PARNAMIRIM,Falta de atenção,Colisão lateral,Com Vítimas Feridas,Pleno dia,Ceu Claro,Dupla   ,Urbano,Automóvel,Ileso       ,51.0,Feminino
1102282,05/05/2012,RN,101,PARNAMIRIM,Falta de atenção,Colisão lateral,Com Vítimas Feridas,Pleno dia,Ceu Claro,Dupla   ,Urbano,Motocicletas,Ferido Leve ,29.0,Masculino
1102294,05/05/2012,RN,101,NATAL,Falta de atenção,Colisão lateral,Sem Vítimas        ,Pleno dia,Sol,Múltipla,Urbano,Automóvel,Ileso       ,29.0,Masculino
1102294,05/05/2012,RN,101,NATAL,Falta de atenção,Colisão lateral,Sem Vítimas        ,Pleno dia,Sol,Múltipla,Urbano,Automóvel,Ileso       ,20.0,Feminino
1102359,05/05/2012,RN,226,SANTA CRUZ,Falta de atenção,Colisão traseira,Sem Vítimas        ,Pleno dia,Sol,Simples ,Urbano,Automóvel,Ileso       ,33.0,Masculino
1102359,05/05/2012,RN,226,SANTA CRUZ,Falta de atenção,Colisão traseira,Sem Vítimas        ,Pleno dia,Sol,Simples ,Urbano,Automóvel,Ileso       ,35.0,Masculino
1102359,05/05/2012,RN,226,SANTA CRUZ,Falta de atenção,Colisão traseira,Sem Vítimas        ,Pleno dia,Sol,Simples ,Urbano,Automóvel,Ignorado    ,-1.0,Masculino
1102385,05/05/2012,RN,226,NATAL,Desobediência à sinalização,Colisão Transversal,Com Vítimas Feridas,Pleno dia,Ceu Claro,Simples ,Urbano,Caminhão,Ileso       ,59.0,Masculino
1102385,05/05/2012,RN,226,NATAL,Desobediência à sinalização,Colisão Transversal,Com Vítimas Feridas,Pleno dia,Ceu Claro,Simples ,Urbano,Motocicletas,Ferido Grave,22.0,Masculino
1102385,05/05/2012,RN,226,NATAL,Desobediência à sinalização,Colisão Transversal,Com Vítimas Feridas,Pleno dia,Ceu Claro,Simples ,Urbano,Automóvel,Ileso       ,-1.0,Masculino
1102386,05/05/2012,RN,101,NATAL,Falta de atenção,Colisão traseira,Sem Vítimas        ,Pleno dia,Ceu Claro,Múltipla,Urbano,Automóvel,Ileso       ,28.0,Masculino
1102386,05/05/2012,RN,101,NATAL,Falta de atenção,Colisão traseira,Sem Vítimas        ,Pleno dia,Ceu Claro,Múltipla,Urbano,Automóvel,Ileso       ,77.0,Masculino
1102443,04/05/2012,RN,101,NATAL,Não guardar distância de segurança,Colisão traseira,Sem Vítimas        ,Pleno dia,Ceu Claro,Múltipla,Urbano,Automóvel,Ileso       ,45.0,Masculino
1102443,04/05/2012,RN,101,NATAL,Não guardar distância de segurança,Colisão traseira,Sem Vítimas        ,Pleno dia,Ceu Claro,Múltipla,Urbano,Motocicletas,Ileso       ,34.0,Masculino
1102455,04/05/2012,RN,101,NATAL,Defeito mecânico em veículo,Colisão traseira,Sem Vítimas        ,Pleno dia,Ceu Claro,Múltipla,Urbano,Utilitário,Ileso       ,36.0,Feminino
1102455,04/05/2012,RN,101,NATAL,Defeito mecânico em veículo,Colisão traseira,Sem Vítimas        ,Pleno dia,Ceu Claro,Múltipla,Urbano,Caminhão,Ileso       ,37.0,Masculino
1102465,04/05/2012,RN,101,PARNAMIRIM,Falta de atenção,Colisão traseira,Sem Vítimas        ,Pleno dia,Ceu Claro,Dupla   ,Urbano,Automóvel,Ileso       ,52.0,Masculino
1102465,04/05/2012,RN,101,PARNAMIRIM,Falta de atenção,Colisão traseira,Sem Vítimas        ,Pleno dia,Ceu Claro,Dupla   ,Urbano,Automóvel,Ileso       ,20.0,Masculino
1102472,04/05/2012,RN,101,PARNAMIRIM,Não guardar distância de segurança,Colisão traseira,Sem Vítimas        ,Pleno dia,Ceu Claro,Dupla   ,Urbano,Automóvel,Ileso       ,54.0,Masculino
1102472,04/05/2012,RN,101,PARNAMIRIM,Não guardar distância de segurança,Colisão traseira,Sem Vítimas        ,Pleno dia,Ceu Claro,Dupla   ,Urbano,Automóvel,Ileso       ,25.0,Feminino
1102498,05/05/2012,RN,406,CEARA-MIRIM,Outras,Capotamento,Com Vítimas Feridas,Plena noite,Vento,Simples ,Rural ,Automóvel,Ileso       ,29.0,Feminino
1102498,05/05/2012,RN,406,CEARA-MIRIM,Outras,Capotamento,Com Vítimas Feridas,Plena noite,Vento,Simples ,Rural ,Automóvel,Ferido Leve ,31.0,Masculino
1102704,06/05/2012,RN,101,PARNAMIRIM,Falta de atenção,Colisão traseira,Sem Vítimas        ,Pleno dia,Ceu Claro,Dupla   ,Urbano,Automóvel,Ileso       ,-1.0,Masculino
1102704,06/05/2012,RN,101,PARNAMIRIM,Falta de atenção,Colisão traseira,Sem Vítimas        ,Pleno dia,Ceu Claro,Dupla   ,Urbano,Automóvel,Ileso       ,-1.0,Masculino
1102717,06/05/2012,RN,101,PARNAMIRIM,Falta de atenção,Colisão traseira,Sem Vítimas        ,Pleno dia,Ceu Claro,Dupla   ,Urbano,Automóvel,Ileso       ,-1.0,Feminino
1102717,06/05/2012,RN,101,PARNAMIRIM,Falta de atenção,Colisão traseira,Sem Vítimas        ,Pleno dia,Ceu Claro,Dupla   ,Urbano,Automóvel,Ileso       ,-1.0,Masculino
1102717,06/05/2012,RN,101,PARNAMIRIM,Falta de atenção,Colisão traseira,Sem Vítimas        ,Pleno dia,Ceu Claro,Dupla   ,Urbano,Automóvel,Ileso       ,-1.0,Masculino
1102794,06/05/2012,RN,101,PARNAMIRIM,Falta de atenção,Colisão Transversal,Sem Vítimas        ,Pleno dia,Ceu Claro,Dupla   ,Urbano,Automóvel,Ileso       ,32.0,Masculino
1102794,06/05/2012,RN,101,PARNAMIRIM,Falta de atenção,Colisão Transversal,Sem Vítimas        ,Pleno dia,Ceu Claro,Dupla   ,Urbano,Automóvel,Ileso       ,23.0,Masculino
1102830,06/05/2012,RN,101,NATAL,Ingestão de álcool,Colisão traseira,Sem Vítimas        ,Plena noite,Ceu Claro,Dupla   ,Urbano,Automóvel,Ileso       ,-1.0,Feminino
1102830,06/05/2012,RN,101,NATAL,Ingestão de álcool,Colisão traseira,Sem Vítimas        ,Plena noite,Ceu Claro,Dupla   ,Urbano,Automóvel,Ileso       ,-1.0,Masculino
1102830,06/05/2012,RN,101,NATAL,Ingestão de álcool,Colisão traseira,Sem Vítimas        ,Plena noite,Ceu Claro,Dupla   ,Urbano,Automóvel,Ileso       ,-1.0,Feminino
1102843,06/05/2012,RN,101,PARNAMIRIM,Não guardar distância de segurança,Colisão traseira,Sem Vítimas        ,Plena noite,Ceu Claro,Dupla   ,Urbano,Automóvel,Ileso       ,33.0,Feminino
1102843,06/05/2012,RN,101,PARNAMIRIM,Não guardar distância de segurança,Colisão traseira,Sem Vítimas        ,Plena noite,Ceu Claro,Dupla   ,Urbano,Automóvel,Ileso       ,18.0,Masculino
1102908,06/05/2012,RN,226,TANGARA,Animais na Pista,Atropelamento de animal,Sem Vítimas        ,Plena noite,Ceu Claro,Simples ,Rural ,Caminhonete,Ileso       ,49.0,Masculino
1103173,07/05/2012,RN,101,NATAL,Falta de atenção,Colisão traseira,Sem Vítimas        ,Plena noite,Nublado,Múltipla,Urbano,Automóvel,Ileso       ,19.0,Masculino
1103173,07/05/2012,RN,101,NATAL,Falta de atenção,Colisão traseira,Sem Vítimas        ,Plena noite,Nublado,Múltipla,Urbano,Camioneta,Ileso       ,49.0,Masculino
1103230,07/05/2012,RN,101,NATAL,Ultrapassagem indevida,Colisão lateral,Sem Vítimas        ,Pleno dia,Ceu Claro,Dupla   ,Urbano,Automóvel,Ileso       ,36.0,Masculino
1103230,07/05/2012,RN,101,NATAL,Ultrapassagem indevida,Colisão lateral,Sem Vítimas        ,Pleno dia,Ceu Claro,Dupla   ,Urbano,Ônibus,Ileso       ,37.0,Masculino
1103231,05/05/2012,RN,101,NATAL,Ingestão de álcool,Colisão Transversal,Com Vítimas Feridas,Plena noite,Ceu Claro,Dupla   ,Urbano,Bicicleta,Ferido Leve ,22.0,Masculino
1103231,05/05/2012,RN,101,NATAL,Ingestão de álcool,Colisão Transversal,Com Vítimas Feridas,Plena noite,Ceu Claro,Dupla   ,Urbano,Automóvel,Ileso       ,41.0,Feminino
1103231,05/05/2012,RN,101,NATAL,Ingestão de álcool,Colisão Transversal,Com Vítimas Feridas,Plena noite,Ceu Claro,Dupla   ,Urbano,Motocicletas,Ileso       ,-1.0,Masculino
1103231,05/05/2012,RN,101,NATAL,Ingestão de álcool,Colisão Transversal,Com Vítimas Feridas,Plena noite,Ceu Claro,Dupla   ,Urbano,Automóvel,Ileso       ,-1.0,Masculino
1103320,07/05/2012,RN,101,PARNAMIRIM,Falta de atenção,Colisão traseira,Sem Vítimas        ,Pleno dia,Ceu Claro,Dupla   ,Urbano,Automóvel,Ileso       ,-1.0,Feminino
1103320,07/05/2012,RN,101,PARNAMIRIM,Falta de atenção,Colisão traseira,Sem Vítimas        ,Pleno dia,Ceu Claro,Dupla   ,Urbano,Caminhonete,Ileso       ,-1.0,Masculino
1103475,07/05/2012,RN,101,SAO GONCALO DO AMARANTE,Não guardar distância de segurança,Colisão traseira,Sem Vítimas        ,Pleno dia,Ceu Claro,Simples ,Urbano,Automóvel,Ileso       ,41.0,Masculino
1103475,07/05/2012,RN,101,SAO GONCALO DO AMARANTE,Não guardar distância de segurança,Colisão traseira,Sem Vítimas        ,Pleno dia,Ceu Claro,Simples ,Urbano,Automóvel,Ileso       ,39.0,Masculino
1103480,07/05/2012,RN,101,SAO GONCALO DO AMARANTE,Não guardar distância de segurança,Colisão traseira,Sem Vítimas        ,Plena noite,Ceu Claro,Dupla   ,Urbano,Caminhão-Trator,Ileso       ,-1.0,Masculino
1103480,07/05/2012,RN,101,SAO GONCALO DO AMARANTE,Não guardar distância de segurança,Colisão traseira,Sem Vítimas        ,Plena noite,Ceu Claro,Dupla   ,Urbano,Automóvel,Ileso       ,-1.0,Masculino
1103480,07/05/2012,RN,101,SAO GONCALO DO AMARANTE,Não guardar distância de segurança,Colisão traseira,Sem Vítimas        ,Plena noite,Ceu Claro,Dupla   ,Urbano,Automóvel,Ileso       ,-1.0,Masculino
1103539,07/05/2012,RN,226,MACAIBA,Outras,Colisão traseira,Sem Vítimas        ,Anoitecer,Ceu Claro,Simples ,Urbano,Motocicletas,Ignorado    ,-1.0,Masculino
1103539,07/05/2012,RN,226,MACAIBA,Outras,Colisão traseira,Sem Vítimas        ,Anoitecer,Ceu Claro,Simples ,Urbano,Automóvel,Ignorado    ,-1.0,Masculino
1103539,07/05/2012,RN,226,MACAIBA,Outras,Colisão traseira,Sem Vítimas        ,Anoitecer,Ceu Claro,Simples ,Urbano,Automóvel,Ileso       ,25.0,Masculino
1103625,08/05/2012,RN,101,PARNAMIRIM,Falta de atenção,Colisão traseira,Sem Vítimas        ,Pleno dia,Sol,Dupla   ,Urbano,Automóvel,Ileso       ,-1.0,Masculino
1103625,08/05/2012,RN,101,PARNAMIRIM,Falta de atenção,Colisão traseira,Sem Vítimas        ,Pleno dia,Sol,Dupla   ,Urbano,Automóvel,Ileso       ,58.0,Masculino
1103768,08/05/2012,RN,101,NATAL,Falta de atenção,Colisão lateral,Sem Vítimas        ,Pleno dia,Sol,Dupla   ,Urbano,Automóvel,Ileso       ,32.0,Masculino
1103768,08/05/2012,RN,101,NATAL,Falta de atenção,Colisão lateral,Sem Vítimas        ,Pleno dia,Sol,Dupla   ,Urbano,Automóvel,Ileso       ,59.0,Masculino
1103780,08/05/2012,RN,101,NATAL,Falta de atenção,Colisão traseira,Sem Vítimas        ,Pleno dia,Sol,Dupla   ,Urbano,Automóvel,Ileso       ,50.0,Feminino
1103780,08/05/2012,RN,101,NATAL,Falta de atenção,Colisão traseira,Sem Vítimas        ,Pleno dia,Sol,Dupla   ,Urbano,Automóvel,Ileso       ,39.0,Feminino
1103833,08/05/2012,RN,101,PARNAMIRIM,Não guardar distância de segurança,Colisão traseira,Sem Vítimas        ,Pleno dia,Sol,Dupla   ,Urbano,Caminhão,Ileso       ,-1.0,Masculino
1103833,08/05/2012,RN,101,PARNAMIRIM,Não guardar distância de segurança,Colisão traseira,Sem Vítimas        ,Pleno dia,Sol,Dupla   ,Urbano,Automóvel,Ileso       ,44.0,Masculino
1103925,08/05/2012,RN,304,MOSSORO,Animais na Pista,Atropelamento de animal,Sem Vítimas        ,Plena noite,Ceu Claro,Simples ,Rural ,Automóvel,Ileso       ,55.0,Masculino
1103966,08/05/2012,RN,101,NATAL,Falta de atenção,Colisão lateral,Sem Vítimas        ,Pleno dia,Ceu Claro,Simples ,Urbano,Automóvel,Ileso       ,43.0,Masculino
1103966,08/05/2012,RN,101,NATAL,Falta de atenção,Colisão lateral,Sem Vítimas        ,Pleno dia,Ceu Claro,Simples ,Urbano,Caminhão,Ileso       ,57.0,Masculino
1104131,09/05/2012,RN,101,NATAL,Outras,Colisão traseira,Com Vítimas Feridas,Pleno dia,Sol,Dupla   ,Urbano,Motocicletas,Ferido Grave,-1.0,Masculino
1104131,09/05/2012,RN,101,NATAL,Outras,Colisão traseira,Com Vítimas Feridas,Pleno dia,Sol,Dupla   ,Urbano,Automóvel,Ileso       ,24.0,Masculino
1104194,09/05/2012,RN,405,APODI,Outras,Colisão com bicicleta,Com Vítimas Feridas,Amanhecer,Ceu Claro,Simples ,Rural ,Ônibus,Ileso       ,39.0,Masculino
1104194,09/05/2012,RN,405,APODI,Outras,Colisão com bicicleta,Com Vítimas Feridas,Amanhecer,Ceu Claro,Simples ,Rural ,Bicicleta,Ferido Grave,57.0,Masculino
1104249,09/05/2012,RN,304,MOSSORO,Falta de atenção,Colisão traseira,Sem Vítimas        ,Pleno dia,Sol,Dupla   ,Urbano,Motocicletas,Ileso       ,-1.0,Masculino
1104249,09/05/2012,RN,304,MOSSORO,Falta de atenção,Colisão traseira,Sem Vítimas        ,Pleno dia,Sol,Dupla   ,Urbano,Automóvel,Ileso       ,56.0,Masculino
1104253,05/05/2012,RN,406,CEARA-MIRIM,Defeito na via,Queda de motocicleta / bicicleta / veículo,Com Vítimas Fatais ,Plena noite,Ceu Claro,Simples ,Urbano,Motocicletas,Morto       ,29.0,Masculino
1104253,05/05/2012,RN,406,CEARA-MIRIM,Defeito na via,Queda de motocicleta / bicicleta / veículo,Com Vítimas Fatais ,Plena noite,Ceu Claro,Simples ,Urbano,Automóvel,Ileso       ,50.0,Masculino
1104353,09/05/2012,RN,101,PARNAMIRIM,Ingestão de álcool,Colisão com bicicleta,Com Vítimas Feridas,Plena noite,Nublado,Dupla   ,Urbano,Bicicleta,Ferido Leve ,61.0,Masculino
1104353,09/05/2012,RN,101,PARNAMIRIM,Ingestão de álcool,Colisão com bicicleta,Com Vítimas Feridas,Plena noite,Nublado,Dupla   ,Urbano,Motocicletas,Ileso       ,-1.0,Masculino
1104380,09/05/2012,RN,101,NATAL,Falta de atenção,Colisão traseira,Sem Vítimas        ,Pleno dia,Sol,Múltipla,Urbano,Automóvel,Ileso       ,25.0,Masculino
1104380,09/05/2012,RN,101,NATAL,Falta de atenção,Colisão traseira,Sem Vítimas        ,Pleno dia,Sol,Múltipla,Urbano,Automóvel,Ileso       ,-1.0,Masculino
1104412,09/05/2012,RN,101,PARNAMIRIM,Outras,Atropelamento de pessoa,Com Vítimas Feridas,Plena noite,Ceu Claro,Dupla   ,Urbano,Ciclomotor,Ferido Leve ,54.0,Masculino
1104412,09/05/2012,RN,101,PARNAMIRIM,Outras,Atropelamento de pessoa,Com Vítimas Feridas,Plena noite,Ceu Claro,Dupla   ,Urbano,(null),Ferido Grave,46.0,Feminino
1104452,09/05/2012,RN,101,PARNAMIRIM,Falta de atenção,Colisão traseira,Sem Vítimas        ,Pleno dia,Ceu Claro,Múltipla,Urbano,Automóvel,Ileso       ,51.0,Masculino
1104452,09/05/2012,RN,101,PARNAMIRIM,Falta de atenção,Colisão traseira,Sem Vítimas        ,Pleno dia,Ceu Claro,Múltipla,Urbano,Caminhonete,Ileso       ,47.0,Masculino
1104679,10/05/2012,RN,101,NATAL,Falta de atenção,Colisão lateral,Sem Vítimas        ,Pleno dia,Ceu Claro,Dupla   ,Urbano,Ônibus,Ileso       ,41.0,Masculino
1104679,10/05/2012,RN,101,NATAL,Falta de atenção,Colisão lateral,Sem Vítimas        ,Pleno dia,Ceu Claro,Dupla   ,Urbano,Camioneta,Ileso       ,23.0,Masculino
1104727,28/04/2012,RN,226,NATAL,Ingestão de álcool,Colisão traseira,Sem Vítimas        ,Pleno dia,Ceu Claro,Simples ,Urbano,Camioneta,Ileso       ,65.0,Masculino
1104727,28/04/2012,RN,226,NATAL,Ingestão de álcool,Colisão traseira,Sem Vítimas        ,Pleno dia,Ceu Claro,Simples ,Urbano,Caminhonete,Ileso       ,31.0,Masculino
1104748,08/05/2012,RN,304,ASSU,Outras,Colisão frontal,Com Vítimas Feridas,Pleno dia,Ceu Claro,Simples ,Urbano,Caminhão,Ferido Leve ,43.0,Masculino
1104748,08/05/2012,RN,304,ASSU,Outras,Colisão frontal,Com Vítimas Feridas,Pleno dia,Ceu Claro,Simples ,Urbano,Caminhão-Trator,Ferido Leve ,61.0,Masculino
1104825,10/05/2012,RN,101,NATAL,Falta de atenção,Colisão traseira,Com Vítimas Feridas,Pleno dia,Ceu Claro,Dupla   ,Urbano,Automóvel,Ileso       ,-1.0,Masculino
1104825,10/05/2012,RN,101,NATAL,Falta de atenção,Colisão traseira,Com Vítimas Feridas,Pleno dia,Ceu Claro,Dupla   ,Urbano,Automóvel,Ferido Leve ,-1.0,Masculino
1104825,10/05/2012,RN,101,NATAL,Falta de atenção,Colisão traseira,Com Vítimas Feridas,Pleno dia,Ceu Claro,Dupla   ,Urbano,Automóvel,Ileso       ,-1.0,Feminino
1104825,10/05/2012,RN,101,NATAL,Falta de atenção,Colisão traseira,Com Vítimas Feridas,Pleno dia,Ceu Claro,Dupla   ,Urbano,Automóvel,Ileso       ,-1.0,Masculino
1104828,08/05/2012,RN,101,NATAL,Falta de atenção,Colisão lateral,Com Vítimas Feridas,Pleno dia,Sol,Múltipla,Urbano,Automóvel,Ileso       ,-1.0,Inválido
1104828,08/05/2012,RN,101,NATAL,Falta de atenção,Colisão lateral,Com Vítimas Feridas,Pleno dia,Sol,Múltipla,Urbano,Motoneta,Ferido Leve ,43.0,Masculino
1104886,02/05/2012,RN,101,SAO GONCALO DO AMARANTE,Outras,Colisão traseira,Com Vítimas Feridas,Pleno dia,Ceu Claro,Dupla   ,Urbano,Automóvel,Ileso       ,34.0,Masculino
1104886,02/05/2012,RN,101,SAO GONCALO DO AMARANTE,Outras,Colisão traseira,Com Vítimas Feridas,Pleno dia,Ceu Claro,Dupla   ,Urbano,Motocicletas,Ferido Grave,27.0,Masculino
1104886,02/05/2012,RN,101,SAO GONCALO DO AMARANTE,Outras,Colisão traseira,Com Vítimas Feridas,Pleno dia,Ceu Claro,Dupla   ,Urbano,Automóvel,Ignorado    ,-1.0,Masculino
1104893,10/05/2012,RN,101,SAO JOSE DE MIPIBU,Falta de atenção,Colisão lateral,Sem Vítimas        ,Pleno dia,Sol,Múltipla,Urbano,Camioneta,Ileso       ,33.0,Masculino
1104893,10/05/2012,RN,101,SAO JOSE DE MIPIBU,Falta de atenção,Colisão lateral,Sem Vítimas        ,Pleno dia,Sol,Múltipla,Urbano,Ônibus,Ileso       ,43.0,Masculino
1104904,10/05/2012,RN,101,NATAL,Outras,Colisão lateral,Sem Vítimas        ,Anoitecer,Ceu Claro,Múltipla,Urbano,Automóvel,Ileso       ,54.0,Masculino
1104904,10/05/2012,RN,101,NATAL,Outras,Colisão lateral,Sem Vítimas        ,Anoitecer,Ceu Claro,Múltipla,Urbano,Motocicletas,Ileso       ,48.0,Masculino
1104910,10/05/2012,RN,101,NATAL,Não guardar distância de segurança,Colisão traseira,Sem Vítimas        ,Plena noite,Ceu Claro,Dupla   ,Urbano,Automóvel,Ileso       ,40.0,Masculino
1104910,10/05/2012,RN,101,NATAL,Não guardar distância de segurança,Colisão traseira,Sem Vítimas        ,Plena noite,Ceu Claro,Dupla   ,Urbano,Automóvel,Ileso       ,65.0,Masculino
1104910,10/05/2012,RN,101,NATAL,Não guardar distância de segurança,Colisão traseira,Sem Vítimas        ,Plena noite,Ceu Claro,Dupla   ,Urbano,Caminhonete,Ignorado    ,-1.0,Inválido
1104916,10/05/2012,RN,101,NATAL,Falta de atenção,Colisão lateral,Com Vítimas Feridas,Pleno dia,Ceu Claro,Dupla   ,Urbano,Automóvel,Ileso       ,37.0,Masculino
1104916,10/05/2012,RN,101,NATAL,Falta de atenção,Colisão lateral,Com Vítimas Feridas,Pleno dia,Ceu Claro,Dupla   ,Urbano,Motocicletas,Ferido Leve ,-1.0,Masculino
1104974,10/05/2012,RN,101,SAO GONCALO DO AMARANTE,Outras,Atropelamento de pessoa,Com Vítimas Feridas,Plena noite,Ceu Claro,Dupla   ,Urbano,Motocicletas,Ileso       ,34.0,Masculino