id,data_inversa,uf,br,municipio,causa_acidente,tipo_acidente,classificacao_acidente,fase_dia,condicao_metereologica,tipo_pista,uso_solo,tipo_veiculo,estado_fisico,idade,sexo
1115051,21/05/2012,RN,101,PARNAMIRIM,Não guardar distância de segurança,Colisão traseira,Sem Vítimas        ,Pleno dia,Ceu Claro,Dupla   ,Urbano,Automóvel,Ileso       ,23.0,Feminino
1115051,21/05/2012,RN,101,PARNAMIRIM,Não guardar distância de segurança,Colisão traseira,Sem Vítimas        ,Pleno dia,Ceu Claro,Dupla   ,Urbano,Caminhão,Ileso       ,31.0,Masculino
1115075,02/06/2012,RN,101,NATAL,Falta de atenção,Colisão traseira,Sem Vítimas        ,Plena noite,Ceu Claro,Múltipla,Urbano,Motoneta,Ileso       ,22.0,Masculino
1115075,02/06/2012,RN,101,NATAL,Falta de atenção,Colisão traseira,Sem Vítimas        ,Plena noite,Ceu Claro,Múltipla,Urbano,Motoneta,Ileso       ,15.0,Masculino
1115075,02/06/2012,RN,101,NATAL,Falta de atenção,Colisão traseira,Sem Vítimas        ,Plena noite,Ceu Claro,Múltipla,Urbano,Automóvel,Ileso       ,25.0,Feminino
1115075,02/06/2012,RN,101,NATAL,Falta de atenção,Colisão traseira,Sem Vítimas        ,Plena noite,Ceu Claro,Múltipla,Urbano,Automóvel,Ileso       ,21.0,Masculino
1115220,26/05/2012,RN,101,SAO JOSE DE MIPIBU,Outras,Colisão traseira,Sem Vítimas        ,Pleno dia,Ceu Claro,Dupla   ,Urbano,Automóvel,Ileso       ,56.0,Masculino
1115220,26/05/2012,RN,101,SAO JOSE DE MIPIBU,Outras,Colisão traseira,Sem Vítimas        ,Pleno dia,Ceu Claro,Dupla   ,Urbano,Automóvel,Ileso       ,30.0,Masculino
1115228,26/05/2012,RN,101,PARNAMIRIM,Desobediência à sinalização,Colisão Transversal,Com Vítimas Feridas,Pleno dia,Sol,Dupla   ,Urbano,Automóvel,Ileso       ,69.0,Masculino
1115228,26/05/2012,RN,101,PARNAMIRIM,Desobediência à sinalização,Colisão Transversal,Com Vítimas Feridas,Pleno dia,Sol,Dupla   ,Urbano,Motocicletas,Ferido Leve ,37.0,Masculino
1115432,03/06/2012,RN,304,RIACHUELO,Falta de atenção,Colisão Transversal,Com Vítimas Feridas,Pleno dia,Ceu Claro,Simples ,Rural ,Automóvel,Ileso       ,55.0,Masculino
1115432,03/06/2012,RN,304,RIACHUELO,Falta de atenção,Colisão Transversal,Com Vítimas Feridas,Pleno dia,Ceu Claro,Simples ,Rural ,Motocicletas,Ferido Grave,-1.0,Masculino
1115509,23/05/2012,RN,110,MOSSORO,Não guardar distância de segurança,Colisão traseira,Sem Vítimas        ,Anoitecer,Ceu Claro,Simples ,Rural ,Caminhonete,Ileso       ,41.0,Masculino
1115509,23/05/2012,RN,110,MOSSORO,Não guardar distância de segurança,Colisão traseira,Sem Vítimas        ,Anoitecer,Ceu Claro,Simples ,Rural ,Caminhão,Ileso       ,-1.0,Masculino
1115526,03/06/2012,RN,110,MOSSORO,Falta de atenção,Colisão lateral,Com Vítimas Feridas,Pleno dia,Ceu Claro,Simples ,Urbano,Automóvel,Ileso       ,55.0,Masculino
1115526,03/06/2012,RN,110,MOSSORO,Falta de atenção,Colisão lateral,Com Vítimas Feridas,Pleno dia,Ceu Claro,Simples ,Urbano,Ciclomotor,Ferido Leve ,17.0,Masculino
1115547,03/06/2012,RN,405,MOSSORO,Outras,Saída de Pista,Com Vítimas Feridas,Pleno dia,Ceu Claro,Simples ,Rural ,Automóvel,Ferido Grave,21.0,Masculino
1115564,03/06/2012,RN,101,NATAL,Outras,Colisão lateral,Sem Vítimas        ,Pleno dia,Ceu Claro,Dupla   ,Urbano,Microônibus,Ileso       ,-1.0,Masculino
1115564,03/06/2012,RN,101,NATAL,Outras,Colisão lateral,Sem Vítimas        ,Pleno dia,Ceu Claro,Dupla   ,Urbano,Ônibus,Ileso       ,36.0,Masculino
1115612,03/06/2012,RN,226,SANTA CRUZ,Animais na Pista,Atropelamento de animal,Com Vítimas Fatais ,Plena noite,Ceu Claro,Simples ,Urbano,Motocicletas,Morto       ,55.0,Masculino
1115625,03/06/2012,RN,101,NATAL,Falta de atenção,Colisão traseira,Sem Vítimas        ,Plena noite,Ceu Claro,Múltipla,Urbano,Automóvel,Ileso       ,23.0,Masculino
1115625,03/06/2012,RN,101,NATAL,Falta de atenção,Colisão traseira,Sem Vítimas        ,Plena noite,Ceu Claro,Múltipla,Urbano,Automóvel,Ileso       ,31.0,Masculino
1115763,03/06/2012,RN,101,NATAL,Ingestão de álcool,Colisão traseira,Sem Vítimas        ,Anoitecer,Ceu Claro,Dupla   ,Urbano,Automóvel,Ileso       ,47.0,Masculino
1115763,03/06/2012,RN,101,NATAL,Ingestão de álcool,Colisão traseira,Sem Vítimas        ,Anoitecer,Ceu Claro,Dupla   ,Urbano,Automóvel,Ileso       ,50.0,Feminino
1115763,03/06/2012,RN,101,NATAL,Ingestão de álcool,Colisão traseira,Sem Vítimas        ,Anoitecer,Ceu Claro,Dupla   ,Urbano,Automóvel,Ileso       ,20.0,Masculino
1115763,03/06/2012,RN,101,NATAL,Ingestão de álcool,Colisão traseira,Sem Vítimas        ,Anoitecer,Ceu Claro,Dupla   ,Urbano,Automóvel,Ileso       ,54.0,Masculino
1115877,19/05/2012,RN,101,NATAL,Não guardar distância de segurança,Colisão traseira,Sem Vítimas        ,Pleno dia,Nublado,Dupla   ,Urbano,Automóvel,Ileso       ,31.0,Masculino
1115877,19/05/2012,RN,101,NATAL,Não guardar distância de segurança,Colisão traseira,Sem Vítimas        ,Pleno dia,Nublado,Dupla   ,Urbano,Automóvel,Ileso       ,51.0,Masculino
1115884,27/05/2012,RN,406,SAO GONCALO DO AMARANTE,Outras,Colisão traseira,Com Vítimas Feridas,Plena noite,Ceu Claro,Simples ,Rural ,Motoneta,Ferido Grave,-1.0,Masculino
1115884,27/05/2012,RN,406,SAO GONCALO DO AMARANTE,Outras,Colisão traseira,Com Vítimas Feridas,Plena noite,Ceu Claro,Simples ,Rural ,Automóvel,Ileso       ,-1.0,Inválido
1115886,23/05/2012,RN,101,NATAL,Desobediência à sinalização,Colisão lateral,Sem Vítimas        ,Pleno dia,Chuva,Múltipla,Urbano,Automóvel,Ileso       ,62.0,Masculino
1115886,23/05/2012,RN,101,NATAL,Desobediência à sinalização,Colisão lateral,Sem Vítimas        ,Pleno dia,Chuva,Múltipla,Urbano,Ônibus,Ileso       ,30.0,Masculino
1115921,19/05/2012,RN,304,LAJES,Outras,Atropelamento de pessoa,Com Vítimas Feridas,Pleno dia,Sol,Simples ,Urbano,Automóvel,Ileso       ,48.0,Masculino
1115921,19/05/2012,RN,304,LAJES,Outras,Atropelamento de pessoa,Com Vítimas Feridas,Pleno dia,Sol,Simples ,Urbano,(null),Ferido Grave,-1.0,Masculino
1115923,20/05/2012,RN,101,PARNAMIRIM,Falta de atenção,Colisão lateral,Sem Vítimas        ,Pleno dia,Ceu Claro,Dupla   ,Urbano,Ônibus,Ileso       ,23.0,Masculino
1115923,20/05/2012,RN,101,PARNAMIRIM,Falta de atenção,Colisão lateral,Sem Vítimas        ,Pleno dia,Ceu Claro,Dupla   ,Urbano,Automóvel,Ignorado    ,-1.0,Masculino
1115923,20/05/2012,RN,101,PARNAMIRIM,Falta de atenção,Colisão lateral,Sem Vítimas        ,Pleno dia,Ceu Claro,Dupla   ,Urbano,Automóvel,Ileso       ,-1.0,Masculino
1115990,23/05/2012,RN,101,CANGUARETAMA,Outras,Saída de Pista,Com Vítimas Feridas,Pleno dia,Chuva,Dupla   ,Rural ,Automóvel,Ileso       ,63.0,Masculino
1115990,23/05/2012,RN,101,CANGUARETAMA,Outras,Saída de Pista,Com Vítimas Feridas,Pleno dia,Chuva,Dupla   ,Rural ,Automóvel,Ferido Leve ,53.0,Feminino
1116024,31/05/2012,RN,101,NATAL,Desobediência à sinalização,Colisão lateral,Sem Vítimas        ,Pleno dia,Ceu Claro,Múltipla,Urbano,Automóvel,Ileso       ,-1.0,Masculino
1116024,31/05/2012,RN,101,NATAL,Desobediência à sinalização,Colisão lateral,Sem Vítimas        ,Pleno dia,Ceu Claro,Múltipla,Urbano,Automóvel,Ileso       ,30.0,Feminino
1116171,23/05/2012,RN,226,SANTA CRUZ,Não guardar distância de segurança,Colisão traseira,Com Vítimas Feridas,Pleno dia,Ceu Claro,Simples ,Rural ,Motocicletas,Ferido Grave,66.0,Masculino
1116171,23/05/2012,RN,226,SANTA CRUZ,Não guardar distância de segurança,Colisão traseira,Com Vítimas Feridas,Pleno dia,Ceu Claro,Simples ,Rural ,Caminhonete,Ileso       ,59.0,Masculino
1116228,31/05/2012,RN,101,CANGUARETAMA,Desobediência à sinalização,Colisão traseira,Com Vítimas Feridas,Pleno dia,Ceu Claro,Dupla   ,Rural ,Automóvel,Ferido Leve ,45.0,Masculino
1116228,31/05/2012,RN,101,CANGUARETAMA,Desobediência à sinalização,Colisão traseira,Com Vítimas Feridas,Pleno dia,Ceu Claro,Dupla   ,Rural ,Automóvel,Ileso       ,-1.0,Masculino
1116228,31/05/2012,RN,101,CANGUARETAMA,Desobediência à sinalização,Colisão traseira,Com Vítimas Feridas,Pleno dia,Ceu Claro,Dupla   ,Rural ,Automóvel,Ferido Leve ,75.0,Masculino
1116235,04/06/2012,RN,101,PARNAMIRIM,Falta de atenção,Colisão traseira,Sem Vítimas        ,Pleno dia,Ceu Claro,Múltipla,Urbano,Automóvel,Ileso       ,26.0,Feminino
1116235,04/06/2012,RN,101,PARNAMIRIM,Falta de atenção,Colisão traseira,Sem Vítimas        ,Pleno dia,Ceu Claro,Múltipla,Urbano,Automóvel,Ileso       ,42.0,Masculino
1116240,27/05/2012,RN,101,PARNAMIRIM,Outras,Colisão com objeto fixo,Sem Vítimas        ,Plena noite,Chuva,Dupla   ,Urbano,Automóvel,Ileso       ,42.0,Feminino
1116242,04/06/2012,RN,101,PARNAMIRIM,Ultrapassagem indevida,Colisão traseira,Sem Vítimas        ,Pleno dia,Ceu Claro,Dupla   ,Urbano,Camioneta,Ileso       ,35.0,Masculino
1116242,04/06/2012,RN,101,PARNAMIRIM,Ultrapassagem indevida,Colisão traseira,Sem Vítimas        ,Pleno dia,Ceu Claro,Dupla   ,Urbano,Caminhão,Ileso       ,27.0,Masculino
1116277,01/06/2012,RN,101,CANGUARETAMA,Animais na Pista,Colisão com objeto fixo,Sem Vítimas        ,Plena noite,Nublado,Dupla   ,Urbano,Automóvel,Ileso       ,37.0,Masculino
1116298,04/06/2012,RN,101,NATAL,Não guardar distância de segurança,Colisão traseira,Sem Vítimas        ,Pleno dia,Ceu Claro,Múltipla,Urbano,Automóvel,Ileso       ,55.0,Masculino
1116298,04/06/2012,RN,101,NATAL,Não guardar distância de segurança,Colisão traseira,Sem Vítimas        ,Pleno dia,Ceu Claro,Múltipla,Urbano,Automóvel,Ileso       ,34.0,Masculino
1116452,23/05/2012,RN,101,NATAL,Não guardar distância de segurança,Colisão traseira,Sem Vítimas        ,Pleno dia,Chuva,Múltipla,Urbano,Caminhonete,Ileso       ,41.0,Masculino
1116452,23/05/2012,RN,101,NATAL,Não guardar distância de segurança,Colisão traseira,Sem Vítimas        ,Pleno dia,Chuva,Múltipla,Urbano,Automóvel,Ileso       ,39.0,Feminino
1116452,23/05/2012,RN,101,NATAL,Não guardar distância de segurança,Colisão traseira,Sem Vítimas        ,Pleno dia,Chuva,Múltipla,Urbano,Automóvel,Ileso       ,54.0,Masculino
1116787,04/06/2012,RN,304,LAJES,Animais na Pista,Colisão frontal,Com Vítimas Fatais ,Anoitecer,Ceu Claro,Simples ,Rural ,Caminhão,Ileso       ,35.0,Masculino
1116787,04/06/2012,RN,304,LAJES,Animais na Pista,Colisão frontal,Com Vítimas Fatais ,Anoitecer,Ceu Claro,Simples ,Rural ,Automóvel,Morto       ,48.0,Masculino
1116787,04/06/2012,RN,304,LAJES,Animais na Pista,Colisão frontal,Com Vítimas Fatais ,Anoitecer,Ceu Claro,Simples ,Rural ,Automóvel,Ferido Grave,35.0,Masculino
1116791,21/05/2012,RN,405,APODI,Falta de atenção,Colisão frontal,Com Vítimas Feridas,Pleno dia,Ceu Claro,Simples ,Urbano,Motocicletas,Ferido Grave,20.0,Masculino
1116791,21/05/2012,RN,405,APODI,Falta de atenção,Colisão frontal,Com Vítimas Feridas,Pleno dia,Ceu Claro,Simples ,Urbano,Motoneta,Ferido Grave,52.0,Masculino
1116822,23/05/2012,RN,427,SERRA NEGRA DO NORTE,Dormindo,Capotamento,Sem Vítimas        ,Pleno dia,Ceu Claro,Simples ,Rural ,Caminhonete,Ileso       ,22.0,Masculino
1116886,21/05/2012,RN,304,MACAIBA,Falta de atenção,Tombamento,Sem Vítimas        ,Pleno dia,Ceu Claro,Simples ,Urbano,Caminhão-Trator,Ileso       ,40.0,Masculino
1116926,01/06/2012,RN,101,NATAL,Não guardar distância de segurança,Colisão traseira,Sem Vítimas        ,Pleno dia,Sol,Múltipla,Urbano,Automóvel,Ileso       ,31.0,Feminino
1116926,01/06/2012,RN,101,NATAL,Não guardar distância de segurança,Colisão traseira,Sem Vítimas        ,Pleno dia,Sol,Múltipla,Urbano,Automóvel,Ileso       ,30.0,Masculino
1116926,01/06/2012,RN,101,NATAL,Não guardar distância de segurança,Colisão traseira,Sem Vítimas        ,Pleno dia,Sol,Múltipla,Urbano,Automóvel,Ileso       ,20.0,Masculino
1116926,01/06/2012,RN,101,NATAL,Não guardar distância de segurança,Colisão traseira,Sem Vítimas        ,Pleno dia,Sol,Múltipla,Urbano,Automóvel,Ileso       ,25.0,Feminino
1116999,26/05/2012,RN,101,PARNAMIRIM,Falta de atenção,Colisão traseira,Sem Vítimas        ,Plena noite,Ceu Claro,Dupla   ,Urbano,Automóvel,Ileso       ,44.0,Masculino
1116999,26/05/2012,RN,101,PARNAMIRIM,Falta de atenção,Colisão traseira,Sem Vítimas        ,Plena noite,Ceu Claro,Dupla   ,Urbano,Automóvel,Ileso       ,40.0,Masculino
1116999,26/05/2012,RN,101,PARNAMIRIM,Falta de atenção,Colisão traseira,Sem Vítimas        ,Plena noite,Ceu Claro,Dupla   ,Urbano,Não identificado,Ignorado    ,-1.0,Inválido
1117099,26/05/2012,RN,101,NATAL,Falta de atenção,Colisão traseira,Sem Vítimas        ,Plena noite,Ceu Claro,Simples ,Urbano,Automóvel,Ileso       ,25.0,Masculino
1117099,26/05/2012,RN,101,NATAL,Falta de atenção,Colisão traseira,Sem Vítimas        ,Plena noite,Ceu Claro,Simples ,Urbano,Automóvel,Ileso       ,54.0,Masculino
1117100,05/06/2012,RN,101,NATAL,Falta de atenção,Colisão traseira,Sem Vítimas        ,Pleno dia,Sol,Múltipla,Urbano,Ônibus,Ileso       ,60.0,Masculino
1117100,05/06/2012,RN,101,NATAL,Falta de atenção,Colisão traseira,Sem Vítimas        ,Pleno dia,Sol,Múltipla,Urbano,Ônibus,Ileso       ,30.0,Masculino
1117108,30/05/2012,RN,406,JOAO CAMARA,Desobediência à sinalização,Colisão lateral,Com Vítimas Fatais ,Pleno dia,Ceu Claro,Simples ,Rural ,Caminhão,Ferido Grave,31.0,Masculino
1117108,30/05/2012,RN,406,JOAO CAMARA,Desobediência à sinalização,Colisão lateral,Com Vítimas Fatais ,Pleno dia,Ceu Claro,Simples ,Rural ,Caminhão,Morto       ,30.0,Masculino
1117108,30/05/2012,RN,406,JOAO CAMARA,Desobediência à sinalização,Colisão lateral,Com Vítimas Fatais ,Pleno dia,Ceu Claro,Simples ,Rural ,Caminhão,Ferido Grave,30.0,Masculino
1117113,05/06/2012,RN,110,MOSSORO,Falta de atenção,Colisão Transversal,Com Vítimas Feridas,Pleno dia,Ceu Claro,Simples ,Urbano,Automóvel,Ileso       ,44.0,Masculino
1117113,05/06/2012,RN,110,MOSSORO,Falta de atenção,Colisão Transversal,Com Vítimas Feridas,Pleno dia,Ceu Claro,Simples ,Urbano,Motoneta,Ferido Grave,36.0,Masculino
1117134,02/06/2012,RN,101,PARNAMIRIM,Falta de atenção,Colisão traseira,Sem Vítimas        ,Pleno dia,Nublado,Dupla   ,Urbano,Automóvel,Ileso       ,47.0,Masculino
1117134,02/06/2012,RN,101,PARNAMIRIM,Falta de atenção,Colisão traseira,Sem Vítimas        ,Pleno dia,Nublado,Dupla   ,Urbano,Automóvel,Ileso       ,36.0,Masculino
1117291,05/06/2012,RN,304,MOSSORO,Falta de atenção,Colisão Transversal,Sem Vítimas        ,Pleno dia,Ceu Claro,Simples ,Urbano,Automóvel,Ileso       ,35.0,Masculino
1117291,05/06/2012,RN,304,MOSSORO,Falta de atenção,Colisão Transversal,Sem Vítimas        ,Pleno dia,Ceu Claro,Simples ,Urbano,Automóvel,Ileso       ,27.0,Masculino
1117315,31/05/2012,RN,101,NATAL,Outras,Colisão traseira,Com Vítimas Feridas,Pleno dia,Sol,Múltipla,Urbano,Motocicletas,Ferido Grave,18.0,Masculino
1117315,31/05/2012,RN,101,NATAL,Outras,Colisão traseira,Com Vítimas Feridas,Pleno dia,Sol,Múltipla,Urbano,Automóvel,Ignorado    ,-1.0,Masculino
1117315,31/05/2012,RN,101,NATAL,Outras,Colisão traseira,Com Vítimas Feridas,Pleno dia,Sol,Múltipla,Urbano,Caminhão,Ignorado    ,-1.0,Inválido
1117360,02/06/2012,RN,101,NATAL,Não guardar distância de segurança,Colisão traseira,Sem Vítimas        ,Plena noite,Vento,Múltipla,Urbano,Automóvel,Ileso       ,25.0,Masculino
1117360,02/06/2012,RN,101,NATAL,Não guardar distância de segurança,Colisão traseira,Sem Vítimas        ,Plena noite,Vento,Múltipla,Urbano,Caminhão-Trator,Ileso       ,29.0,Masculino
1117451,05/06/2012,RN,101,PARNAMIRIM,Falta de atenção,Colisão traseira,Com Vítimas Feridas,Pleno dia,Ceu Claro,Dupla   ,Urbano,Caminhonete,Ileso       ,63.0,Masculino
1117451,05/06/2012,RN,101,PARNAMIRIM,Falta de atenção,Colisão traseira,Com Vítimas Feridas,Pleno dia,Ceu Claro,Dupla   ,Urbano,Automóvel,Ferido Leve ,27.0,Feminino
1117472,19/05/2012,RN,101,SAO GONCALO DO AMARANTE,Falta de atenção,Colisão traseira,Sem Vítimas        ,Pleno dia,Ceu Claro,Dupla   ,Urbano,Automóvel,Ileso       ,52.0,Masculino
1117472,19/05/2012,RN,101,SAO GONCALO DO AMARANTE,Falta de atenção,Colisão traseira,Sem Vítimas        ,Pleno dia,Ceu Claro,Dupla   ,Urbano,Automóvel,Ileso       ,30.0,Masculino
1117472,19/05/2012,RN,101,SAO GONCALO DO AMARANTE,Falta de atenção,Colisão traseira,Sem Vítimas        ,Pleno dia,Ceu Claro,Dupla   ,Urbano,Automóvel,Ileso       ,38.0,Masculino
1117487,05/06/2012,RN,304,RIACHUELO,Falta de atenção,Colisão lateral,Sem Vítimas        ,Plena noite,Ceu Claro,Simples ,Rural ,Caminhão-Trator,Ileso       ,29.0,Masculino
1117487,05/06/2012,RN,304,RIACHUELO,Falta de atenção,Colisão lateral,Sem Vítimas        ,Plena noite,Ceu Claro,Simples ,Rural ,Não identificado,Ignorado    ,-1.0,Inválido
1117490,19/05/2012,RN,101,SAO GONCALO DO AMARANTE,Falta de atenção,Colisão lateral,Sem Vítimas        ,Pleno dia,Ceu Claro,Dupla   ,Urbano,Caminhão,Ileso       ,37.0,Masculino
1117490,19/05/2012,RN,101,SAO GONCALO DO AMARANTE,Falta de atenção,Colisão lateral,Sem Vítimas        ,Pleno dia,Ceu Claro,Dupla   ,Urbano,Camioneta,Ileso       ,37.0,Masculino
1117490,19/05/2012,RN,101,SAO GONCALO DO AMARANTE,Falta de atenção,Colisão lateral,Sem Vítimas        ,Pleno dia,Ceu Claro,Dupla   ,Urbano,Automóvel,Ileso       ,27.0,Masculino
1117497,19/05/2012,RN,101,NATAL,Falta de atenção,Colisão Transversal,Com Vítimas Feridas,Pleno dia,Ceu Claro,Dupla   ,Urbano,Motoneta,Ferido Grave,40.0,Masculino
1117497,19/05/2012,RN,101,NATAL,Falta de atenção,Colisão Transversal,Com Vítimas Feridas,Pleno dia,Ceu Claro,Dupla   ,Urbano,Motoneta,Ferido Grave,61.0,Masculino
1117502,05/06/2012,RN,101,NATAL,Não guardar distância de segurança,Colisão lateral,Sem Vítimas        ,Pleno dia,Ceu Claro,Múltipla,Urbano,Automóvel,Ileso       ,18.0,Feminino
1117502,05/06/2012,RN,101,NATAL,Não guardar distância de segurança,Colisão lateral,Sem Vítimas        ,Pleno dia,Ceu Claro,Múltipla,Urbano,Automóvel,Ileso       ,29.0,Masculino
1117502,05/06/2012,RN,101,NATAL,Não guardar distância de segurança,Colisão lateral,Sem Vítimas        ,Pleno dia,Ceu Claro,Múltipla,Urbano,Caminhão,Ileso       ,65.0,Masculino
1117510,05/06/2012,RN,101,NATAL,Falta de atenção,Colisão traseira,Sem Vítimas        ,Plena noite,Ceu Claro,Dupla   ,Urbano,Automóvel,Ileso       ,23.0,Masculino
1117510,05/06/2012,RN,101,NATAL,Falta de atenção,Colisão traseira,Sem Vítimas        ,Plena noite,Ceu Claro,Dupla   ,Urbano,Motocicletas,Ileso       ,36.0,Masculino
1117529,30/05/2012,RN,405,LUIS GOMES,Outras,Colisão frontal,Com Vítimas Fatais ,Pleno dia,Sol,Simples ,Rural ,Motocicletas,Morto       ,21.0,Masculino
1117529,30/05/2012,RN,405,LUIS GOMES,Outras,Colisão frontal,Com Vítimas Fatais ,Pleno dia,Sol,Simples ,Rural ,Motocicletas,Morto       ,17.0,Feminino
1117529,30/05/2012,RN,405,LUIS GOMES,Outras,Colisão frontal,Com Vítimas Fatais ,Pleno dia,Sol,Simples ,Rural ,Caminhão,Ignorado    ,-1.0,Inválido
1117707,30/05/2012,RN,304,CAICARA DO RIO DO VENTO,Animais na Pista,Colisão lateral,Sem Vítimas        ,Pleno dia,Ceu Claro,Simples ,Rural ,Caminhão-Trator,Ileso       ,28.0,Masculino
1117707,30/05/2012,RN,304,CAICARA DO RIO DO VENTO,Animais na Pista,Colisão lateral,Sem Vítimas        ,Pleno dia,Ceu Claro,Simples ,Rural ,Caminhão-Trator,Ileso       ,38.0,Masculino
1117887,04/06/2012,RN,101,NATAL,Falta de atenção,Colisão lateral,Sem Vítimas        ,Anoitecer,Ceu Claro,Múltipla,Urbano,Ônibus,Ileso       ,34.0,Masculino
1117887,04/06/2012,RN,101,NATAL,Falta de atenção,Colisão lateral,Sem Vítimas        ,Anoitecer,Ceu Claro,Múltipla,Urbano,Caminhão,Ileso       ,31.0,Masculino
1117901,03/06/2012,RN,226,CURRAIS NOVOS,Animais na Pista,Atropelamento de animal,Com Vítimas Feridas,Amanhecer,Sol,Simples ,Rural ,Motocicletas,Ferido Grave,25.0,Masculino
1117912,02/06/2012,RN,304,MACAIBA,Outras,Colisão com objeto fixo,Sem Vítimas        ,Plena noite,Ceu Claro,Simples ,Urbano,Camioneta,Ileso       ,-1.0,Masculino
1117916,06/06/2012,RN,101,NATAL,Falta de atenção,Colisão traseira,Sem Vítimas        ,Pleno dia,Nublado,Dupla   ,Urbano,Automóvel,Ileso       ,38.0,Masculino
1117916,06/06/2012,RN,101,NATAL,Falta de atenção,Colisão traseira,Sem Vítimas        ,Pleno dia,Nublado,Dupla   ,Urbano,Automóvel,Ileso       ,51.0,Feminino
1117916,06/06/2012,RN,101,NATAL,Falta de atenção,Colisão traseira,Sem Vítimas        ,Pleno dia,Nublado,Dupla   ,Urbano,Automóvel,Ileso       ,29.0,Masculino
1117930,06/06/2012,RN,101,GOIANINHA,Outras,Saída de Pista,Sem Vítimas        ,Pleno dia,Ceu Claro,Dupla   ,Rural ,Utilitário,Ileso       ,43.0,Masculino
1117982,06/06/2012,RN,101,GOIANINHA,Falta de atenção,Colisão traseira,Sem Vítimas        ,Pleno dia,Ceu Claro,Múltipla,Urbano,Automóvel,Ileso       ,57.0,Feminino
1117982,06/06/2012,RN,101,GOIANINHA,Falta de atenção,Colisão traseira,Sem Vítimas        ,Pleno dia,Ceu Claro,Múltipla,Urbano,Caminhão,Ignorado    ,-1.0,Inválido
1118017,06/06/2012,RN,101,NATAL,Falta de atenção,Colisão traseira,Sem Vítimas        ,Pleno dia,Nublado,Múltipla,Urbano,Automóvel,Ileso       ,28.0,Feminino
1118017,06/06/2012,RN,101,NATAL,Falta de atenção,Colisão traseira,Sem Vítimas        ,Pleno dia,Nublado,Múltipla,Urbano,Automóvel,Ileso       ,50.0,Masculino
1118025,02/06/2012,RN,226,NATAL,Desobediência à sinalização,Colisão frontal,Sem Vítimas        ,Plena noite,Nublado,Simples ,Urbano,Automóvel,Ileso       ,26.0,Masculino
1118025,02/06/2012,RN,226,NATAL,Desobediência à sinalização,Colisão frontal,Sem Vítimas        ,Plena noite,Nublado,Simples ,Urbano,Automóvel,Ileso       ,-1.0,Masculino
1118062,28/05/2012,RN,101,SAO GONCALO DO AMARANTE,Outras,Colisão lateral,Sem Vítimas        ,Pleno dia,Ceu Claro,Dupla   ,Urbano,Ônibus,Ileso       ,38.0,Masculino
1118062,28/05/2012,RN,101,SAO GONCALO DO AMARANTE,Outras,Colisão lateral,Sem Vítimas        ,Pleno dia,Ceu Claro,Dupla   ,Urbano,Automóvel,Ignorado    ,-1.0,Inválido
1118107,27/05/2012,RN,101,SAO GONCALO DO AMARANTE,Falta de atenção,Colisão traseira,Sem Vítimas        ,Anoitecer,Ceu Claro,Dupla   ,Urbano,Automóvel,Ileso       ,24.0,Masculino
1118107,27/05/2012,RN,101,SAO GONCALO DO AMARANTE,Falta de atenção,Colisão traseira,Sem Vítimas        ,Anoitecer,Ceu Claro,Dupla   ,Urbano,Automóvel,Ileso       ,49.0,Feminino
1118107,27/05/2012,RN,101,SAO GONCALO DO AMARANTE,Falta de atenção,Colisão traseira,Sem Vítimas        ,Anoitecer,Ceu Claro,Dupla   ,Urbano,Automóvel,Ileso       ,29.0,Masculino
1118107,27/05/2012,RN,101,SAO GONCALO DO AMARANTE,Falta de atenção,Colisão traseira,Sem Vítimas        ,Anoitecer,Ceu Claro,Dupla   ,Urbano,Caminhonete,Ileso       ,23.0,Feminino
1118120,06/06/2012,RN,406,POCO BRANCO,Outras,Colisão traseira,Com Vítimas Feridas,Pleno dia,Nublado,Simples ,Rural ,Caminhonete,Ileso       ,47.0,Masculino
1118120,06/06/2012,RN,406,POCO BRANCO,Outras,Colisão traseira,Com Vítimas Feridas,Pleno dia,Nublado,Simples ,Rural ,Motocicletas,Ferido Grave,22.0,Masculino
1118120,06/06/2012,RN,406,POCO BRANCO,Outras,Colisão traseira,Com Vítimas Feridas,Pleno dia,Nublado,Simples ,Rural ,Motocicletas,Ferido Grave,23.0,Masculino
1118126,06/06/2012,RN,101,PARNAMIRIM,Não guardar distância de segurança,Colisão traseira,Sem Vítimas        ,Plena noite,Chuva,Dupla   ,Urbano,Automóvel,Ileso       ,25.0,Feminino
1118126,06/06/2012,RN,101,PARNAMIRIM,Não guardar distância de segurança,Colisão traseira,Sem Vítimas        ,Plena noite,Chuva,Dupla   ,Urbano,Automóvel,Ileso       ,32.0,Masculino
1118138,06/06/2012,RN,101,PARNAMIRIM,Não guardar distância de segurança,Colisão lateral,Sem Vítimas        ,Pleno dia,Chuva,Dupla   ,Urbano,Automóvel,Ileso       ,31.0,Masculino
1118138,06/06/2012,RN,101,PARNAMIRIM,Não guardar distância de segurança,Colisão lateral,Sem Vítimas        ,Pleno dia,Chuva,Dupla   ,Urbano,Caminhão,Ignorado    ,-1.0,Inválido