id,data_inversa,uf,br,municipio,causa_acidente,tipo_acidente,classificacao_acidente,fase_dia,condicao_metereologica,tipo_pista,uso_solo,tipo_veiculo,estado_fisico,idade,sexo
1150424,04/08/2012,RN,101,PARNAMIRIM,Não guardar distância de segurança,Colisão traseira,Sem Vítimas        ,Anoitecer,Ceu Claro,Dupla   ,Urbano,Automóvel,Ileso       ,40.0,Masculino
1150428,04/08/2012,RN,101,PARNAMIRIM,Outras,Incêndio,Sem Vítimas        ,Anoitecer,Ceu Claro,Múltipla,Urbano,Automóvel,Ileso       ,42.0,Feminino
1150523,02/08/2012,RN,304,MOSSORO,Outras,Colisão Transversal,Sem Vítimas        ,Pleno dia,Sol,Simples ,Urbano,Caminhonete,Ileso       ,25.0,Masculino
1150523,02/08/2012,RN,304,MOSSORO,Outras,Colisão Transversal,Sem Vítimas        ,Pleno dia,Sol,Simples ,Urbano,Motocicletas,Ileso       ,45.0,Masculino
1150535,04/08/2012,RN,110,MOSSORO,Outras,Colisão Transversal,Sem Vítimas        ,Plena noite,Ceu Claro,Múltipla,Urbano,Automóvel,Ileso       ,19.0,Feminino
1150535,04/08/2012,RN,110,MOSSORO,Outras,Colisão Transversal,Sem Vítimas        ,Plena noite,Ceu Claro,Múltipla,Urbano,Automóvel,Ileso       ,51.0,Masculino
1150536,05/08/2012,RN,101,NATAL,Outras,Colisão traseira,Sem Vítimas        ,Plena noite,Vento,Dupla   ,Urbano,Automóvel,Ileso       ,23.0,Masculino
1150536,05/08/2012,RN,101,NATAL,Outras,Colisão traseira,Sem Vítimas        ,Plena noite,Vento,Dupla   ,Urbano,Automóvel,Ileso       ,-1.0,Inválido
1150665,03/08/2012,RN,304,MOSSORO,Dormindo,Colisão traseira,Com Vítimas Feridas,Plena noite,Ceu Claro,Simples ,Rural ,Caminhão-Trator,Ileso       ,46.0,Masculino
1150665,03/08/2012,RN,304,MOSSORO,Dormindo,Colisão traseira,Com Vítimas Feridas,Plena noite,Ceu Claro,Simples ,Rural ,Automóvel,Ferido Leve ,33.0,Masculino
1150734,05/08/2012,RN,226,NATAL,Outras,Colisão lateral,Sem Vítimas        ,Pleno dia,Ceu Claro,Simples ,Urbano,Motocicletas,Ileso       ,32.0,Masculino
1150734,05/08/2012,RN,226,NATAL,Outras,Colisão lateral,Sem Vítimas        ,Pleno dia,Ceu Claro,Simples ,Urbano,Automóvel,Ileso       ,-1.0,Masculino
1150754,05/08/2012,RN,101,NATAL,Outras,Colisão lateral,Com Vítimas Feridas,Pleno dia,Sol,Dupla   ,Rural ,Automóvel,Ileso       ,35.0,Masculino
1150754,05/08/2012,RN,101,NATAL,Outras,Colisão lateral,Com Vítimas Feridas,Pleno dia,Sol,Dupla   ,Rural ,Motocicletas,Ferido Leve ,42.0,Masculino
1150924,05/08/2012,RN,101,NATAL,Não guardar distância de segurança,Colisão traseira,Sem Vítimas        ,Plena noite,Ceu Claro,Dupla   ,Urbano,Automóvel,Ileso       ,43.0,Masculino
1150924,05/08/2012,RN,101,NATAL,Não guardar distância de segurança,Colisão traseira,Sem Vítimas        ,Plena noite,Ceu Claro,Dupla   ,Urbano,Automóvel,Ileso       ,54.0,Masculino
1150925,05/08/2012,RN,304,MOSSORO,Animais na Pista,Atropelamento de animal,Sem Vítimas        ,Pleno dia,Sol,Simples ,Rural ,Automóvel,Ileso       ,29.0,Masculino
1150949,05/08/2012,RN,101,EXTREMOZ,Outras,Capotamento,Com Vítimas Feridas,Plena noite,Ceu Claro,Simples ,Rural ,Caminhonete,Ferido Leve ,28.0,Masculino
1151079,05/08/2012,RN,304,MACAIBA,Outras,Capotamento,Com Vítimas Fatais ,Pleno dia,Ceu Claro,Simples ,Urbano,Utilitário,Morto       ,48.0,Masculino
1151079,05/08/2012,RN,304,MACAIBA,Outras,Capotamento,Com Vítimas Fatais ,Pleno dia,Ceu Claro,Simples ,Urbano,Utilitário,Ferido Leve ,61.0,Masculino
1151081,05/08/2012,RN,304,MACAIBA,Outras,Colisão Transversal,Sem Vítimas        ,Plena noite,Ceu Claro,Simples ,Rural ,Automóvel,Ileso       ,46.0,Masculino
1151081,05/08/2012,RN,304,MACAIBA,Outras,Colisão Transversal,Sem Vítimas        ,Plena noite,Ceu Claro,Simples ,Rural ,Automóvel,Ileso       ,30.0,Masculino
1151110,02/08/2012,RN,304,MACAIBA,Falta de atenção,Colisão traseira,Com Vítimas Feridas,Amanhecer,Sol,Simples ,Rural ,Motocicletas,Ferido Leve ,71.0,Masculino
1151110,02/08/2012,RN,304,MACAIBA,Falta de atenção,Colisão traseira,Com Vítimas Feridas,Amanhecer,Sol,Simples ,Rural ,Automóvel,Ileso       ,39.0,Masculino
1151116,29/07/2012,RN,226,NATAL,Outras,Colisão traseira,Sem Vítimas        ,Plena noite,Ceu Claro,Simples ,Rural ,Caminhonete,Ileso       ,-1.0,Masculino
1151116,29/07/2012,RN,226,NATAL,Outras,Colisão traseira,Sem Vítimas        ,Plena noite,Ceu Claro,Simples ,Rural ,Automóvel,Ileso       ,23.0,Masculino
1151132,02/08/2012,RN,304,ANGICOS,Falta de atenção,Colisão Transversal,Com Vítimas Fatais ,Pleno dia,Ceu Claro,Simples ,Urbano,Motocicletas,Morto       ,37.0,Masculino
1151132,02/08/2012,RN,304,ANGICOS,Falta de atenção,Colisão Transversal,Com Vítimas Fatais ,Pleno dia,Ceu Claro,Simples ,Urbano,Caminhão,Ileso       ,-1.0,Masculino
1151172,04/08/2012,RN,226,CURRAIS NOVOS,Outras,Capotamento,Com Vítimas Feridas,Pleno dia,Ceu Claro,Simples ,Rural ,Automóvel,Ferido Grave,26.0,Masculino
1151273,06/08/2012,RN,101,PARNAMIRIM,Outras,Colisão traseira,Com Vítimas Feridas,Pleno dia,Ceu Claro,Dupla   ,Urbano,Caminhonete,Ferido Leve ,81.0,Masculino
1151273,06/08/2012,RN,101,PARNAMIRIM,Outras,Colisão traseira,Com Vítimas Feridas,Pleno dia,Ceu Claro,Dupla   ,Urbano,Automóvel,Ferido Leve ,35.0,Masculino
1151280,06/08/2012,RN,101,NATAL,Outras,Colisão traseira,Com Vítimas Feridas,Pleno dia,Ceu Claro,Múltipla,Urbano,Caminhão,Ileso       ,58.0,Masculino
1151280,06/08/2012,RN,101,NATAL,Outras,Colisão traseira,Com Vítimas Feridas,Pleno dia,Ceu Claro,Múltipla,Urbano,Motocicletas,Ileso       ,40.0,Masculino
1151280,06/08/2012,RN,101,NATAL,Outras,Colisão traseira,Com Vítimas Feridas,Pleno dia,Ceu Claro,Múltipla,Urbano,Motocicletas,Ferido Leve ,24.0,Masculino
1151403,06/08/2012,RN,101,NATAL,Outras,Colisão Transversal,Com Vítimas Feridas,Pleno dia,Ceu Claro,Simples ,Urbano,Automóvel,Ileso       ,60.0,Masculino
1151403,06/08/2012,RN,101,NATAL,Outras,Colisão Transversal,Com Vítimas Feridas,Pleno dia,Ceu Claro,Simples ,Urbano,Automóvel,Ferido Leve ,58.0,Feminino
1151403,06/08/2012,RN,101,NATAL,Outras,Colisão Transversal,Com Vítimas Feridas,Pleno dia,Ceu Claro,Simples ,Urbano,Caminhão,Ileso       ,56.0,Masculino
1151493,06/08/2012,RN,101,PARNAMIRIM,Falta de atenção,Colisão traseira,Sem Vítimas        ,Pleno dia,Ceu Claro,Dupla   ,Urbano,Automóvel,Ileso       ,32.0,Feminino
1151493,06/08/2012,RN,101,PARNAMIRIM,Falta de atenção,Colisão traseira,Sem Vítimas        ,Pleno dia,Ceu Claro,Dupla   ,Urbano,Ônibus,Ileso       ,51.0,Masculino
1151496,06/08/2012,RN,101,SAO GONCALO DO AMARANTE,Outras,Colisão lateral,Sem Vítimas        ,Plena noite,Ceu Claro,Dupla   ,Urbano,Automóvel,Ileso       ,70.0,Masculino
1151496,06/08/2012,RN,101,SAO GONCALO DO AMARANTE,Outras,Colisão lateral,Sem Vítimas        ,Plena noite,Ceu Claro,Dupla   ,Urbano,Ônibus,Ileso       ,25.0,Masculino
1151586,06/08/2012,RN,110,MOSSORO,Falta de atenção,Colisão traseira,Com Vítimas Feridas,Anoitecer,Ceu Claro,Simples ,Urbano,Motocicletas,Ferido Leve ,-1.0,Masculino
1151586,06/08/2012,RN,110,MOSSORO,Falta de atenção,Colisão traseira,Com Vítimas Feridas,Anoitecer,Ceu Claro,Simples ,Urbano,Automóvel,Ileso       ,-1.0,Masculino
1151586,06/08/2012,RN,110,MOSSORO,Falta de atenção,Colisão traseira,Com Vítimas Feridas,Anoitecer,Ceu Claro,Simples ,Urbano,Motocicletas,Ferido Leve ,-1.0,Feminino
1151600,03/08/2012,RN,101,NATAL,Falta de atenção,Colisão lateral,Sem Vítimas        ,Pleno dia,Sol,Múltipla,Urbano,Ônibus,Ileso       ,30.0,Masculino
1151600,03/08/2012,RN,101,NATAL,Falta de atenção,Colisão lateral,Sem Vítimas        ,Pleno dia,Sol,Múltipla,Urbano,Automóvel,Ileso       ,79.0,Masculino
1151602,06/08/2012,RN,101,PARNAMIRIM,Não guardar distância de segurança,Colisão lateral,Sem Vítimas        ,Pleno dia,Ceu Claro,Dupla   ,Urbano,Automóvel,Ileso       ,20.0,Masculino
1151602,06/08/2012,RN,101,PARNAMIRIM,Não guardar distância de segurança,Colisão lateral,Sem Vítimas        ,Pleno dia,Ceu Claro,Dupla   ,Urbano,Ônibus,Ileso       ,31.0,Masculino
1151655,03/08/2012,RN,101,NATAL,Falta de atenção,Colisão traseira,Com Vítimas Feridas,Pleno dia,Ceu Claro,Simples ,Urbano,Motocicletas,Ferido Leve ,52.0,Masculino
1151655,03/08/2012,RN,101,NATAL,Falta de atenção,Colisão traseira,Com Vítimas Feridas,Pleno dia,Ceu Claro,Simples ,Urbano,Motocicletas,Ignorado    ,-1.0,Masculino
1151818,05/08/2012,RN,405,APODI,Animais na Pista,Atropelamento de animal,Com Vítimas Feridas,Plena noite,Ceu Claro,Simples ,Rural ,Motocicletas,Ferido Leve ,40.0,Masculino
1151818,05/08/2012,RN,405,APODI,Animais na Pista,Atropelamento de animal,Com Vítimas Feridas,Plena noite,Ceu Claro,Simples ,Rural ,Motocicletas,Ferido Leve ,42.0,Masculino
1151824,03/08/2012,RN,101,PARNAMIRIM,Não guardar distância de segurança,Colisão traseira,Sem Vítimas        ,Pleno dia,Sol,Dupla   ,Urbano,Automóvel,Ileso       ,30.0,Feminino
1151824,03/08/2012,RN,101,PARNAMIRIM,Não guardar distância de segurança,Colisão traseira,Sem Vítimas        ,Pleno dia,Sol,Dupla   ,Urbano,Automóvel,Ileso       ,31.0,Masculino
1151824,03/08/2012,RN,101,PARNAMIRIM,Não guardar distância de segurança,Colisão traseira,Sem Vítimas        ,Pleno dia,Sol,Dupla   ,Urbano,Caminhonete,Ignorado    ,42.0,Masculino
1151885,07/08/2012,RN,304,MACAIBA,Falta de atenção,Colisão traseira,Sem Vítimas        ,Pleno dia,Ceu Claro,Simples ,Urbano,Camioneta,Ileso       ,49.0,Masculino
1151885,07/08/2012,RN,304,MACAIBA,Falta de atenção,Colisão traseira,Sem Vítimas        ,Pleno dia,Ceu Claro,Simples ,Urbano,Automóvel,Ileso       ,29.0,Masculino
1151891,07/08/2012,RN,101,PARNAMIRIM,Não guardar distância de segurança,Colisão traseira,Com Vítimas Feridas,Pleno dia,Nublado,Dupla   ,Urbano,Utilitário,Ileso       ,45.0,Feminino
1151891,07/08/2012,RN,101,PARNAMIRIM,Não guardar distância de segurança,Colisão traseira,Com Vítimas Feridas,Pleno dia,Nublado,Dupla   ,Urbano,Motocicletas,Ferido Leve ,38.0,Masculino
1151939,04/08/2012,RN,101,PARNAMIRIM,Falta de atenção,Colisão traseira,Com Vítimas Feridas,Amanhecer,Ceu Claro,Múltipla,Urbano,Motoneta,Ileso       ,49.0,Masculino
1151939,04/08/2012,RN,101,PARNAMIRIM,Falta de atenção,Colisão traseira,Com Vítimas Feridas,Amanhecer,Ceu Claro,Múltipla,Urbano,Automóvel,Ileso       ,22.0,Masculino
1151939,04/08/2012,RN,101,PARNAMIRIM,Falta de atenção,Colisão traseira,Com Vítimas Feridas,Amanhecer,Ceu Claro,Múltipla,Urbano,Motoneta,Ferido Grave,-1.0,Masculino
1152040,07/08/2012,RN,226,NATAL,Outras,Colisão Transversal,Com Vítimas Feridas,Plena noite,Ceu Claro,Simples ,Urbano,Motoneta,Ferido Leve ,-1.0,Masculino
1152040,07/08/2012,RN,226,NATAL,Outras,Colisão Transversal,Com Vítimas Feridas,Plena noite,Ceu Claro,Simples ,Urbano,Automóvel,Ignorado    ,-1.0,Masculino
1152040,07/08/2012,RN,226,NATAL,Outras,Colisão Transversal,Com Vítimas Feridas,Plena noite,Ceu Claro,Simples ,Urbano,Motoneta,Ferido Leve ,14.0,Feminino
1152102,05/08/2012,RN,405,ITAU,Defeito na via,Colisão frontal,Com Vítimas Feridas,Plena noite,Ceu Claro,Simples ,Rural ,Automóvel,Ferido Leve ,63.0,Masculino
1152102,05/08/2012,RN,405,ITAU,Defeito na via,Colisão frontal,Com Vítimas Feridas,Plena noite,Ceu Claro,Simples ,Rural ,Automóvel,Ferido Leve ,51.0,Feminino
1152102,05/08/2012,RN,405,ITAU,Defeito na via,Colisão frontal,Com Vítimas Feridas,Plena noite,Ceu Claro,Simples ,Rural ,Automóvel,Ferido Leve ,24.0,Masculino
1152102,05/08/2012,RN,405,ITAU,Defeito na via,Colisão frontal,Com Vítimas Feridas,Plena noite,Ceu Claro,Simples ,Rural ,Automóvel,Ferido Leve ,41.0,Masculino
1152102,05/08/2012,RN,405,ITAU,Defeito na via,Colisão frontal,Com Vítimas Feridas,Plena noite,Ceu Claro,Simples ,Rural ,Automóvel,Ferido Grave,46.0,Feminino
1152102,05/08/2012,RN,405,ITAU,Defeito na via,Colisão frontal,Com Vítimas Feridas,Plena noite,Ceu Claro,Simples ,Rural ,Automóvel,Ferido Leve ,27.0,Masculino
1152102,05/08/2012,RN,405,ITAU,Defeito na via,Colisão frontal,Com Vítimas Feridas,Plena noite,Ceu Claro,Simples ,Rural ,Automóvel,Ferido Leve ,27.0,Feminino
1152170,02/06/2012,RN,101,NATAL,Ingestão de álcool,Colisão traseira,Com Vítimas Feridas,Amanhecer,Nublado,Dupla   ,Urbano,Automóvel,Ileso       ,23.0,Masculino
1152170,02/06/2012,RN,101,NATAL,Ingestão de álcool,Colisão traseira,Com Vítimas Feridas,Amanhecer,Nublado,Dupla   ,Urbano,Motocicletas,Ferido Grave,36.0,Masculino
1152174,07/08/2012,RN,101,NATAL,Falta de atenção,Colisão Transversal,Com Vítimas Feridas,Plena noite,Ceu Claro,Dupla   ,Urbano,Automóvel,Ileso       ,25.0,Masculino
1152174,07/08/2012,RN,101,NATAL,Falta de atenção,Colisão Transversal,Com Vítimas Feridas,Plena noite,Ceu Claro,Dupla   ,Urbano,Motocicletas,Ferido Leve ,37.0,Masculino
1152247,08/08/2012,RN,101,NATAL,Falta de atenção,Colisão traseira,Sem Vítimas        ,Pleno dia,Ceu Claro,Dupla   ,Urbano,Automóvel,Ileso       ,40.0,Masculino
1152247,08/08/2012,RN,101,NATAL,Falta de atenção,Colisão traseira,Sem Vítimas        ,Pleno dia,Ceu Claro,Dupla   ,Urbano,Automóvel,Ileso       ,42.0,Masculino
1152247,08/08/2012,RN,101,NATAL,Falta de atenção,Colisão traseira,Sem Vítimas        ,Pleno dia,Ceu Claro,Dupla   ,Urbano,Automóvel,Ileso       ,60.0,Masculino
1152247,08/08/2012,RN,101,NATAL,Falta de atenção,Colisão traseira,Sem Vítimas        ,Pleno dia,Ceu Claro,Dupla   ,Urbano,Ônibus,Ileso       ,30.0,Masculino
1152334,08/08/2012,RN,101,PARNAMIRIM,Outras,Colisão traseira,Sem Vítimas        ,Pleno dia,Ceu Claro,Dupla   ,Urbano,Automóvel,Ileso       ,29.0,Feminino
1152334,08/08/2012,RN,101,PARNAMIRIM,Outras,Colisão traseira,Sem Vítimas        ,Pleno dia,Ceu Claro,Dupla   ,Urbano,Automóvel,Ileso       ,46.0,Masculino
1152334,08/08/2012,RN,101,PARNAMIRIM,Outras,Colisão traseira,Sem Vítimas        ,Pleno dia,Ceu Claro,Dupla   ,Urbano,Automóvel,Ignorado    ,-1.0,Inválido
1152379,08/08/2012,RN,101,PARNAMIRIM,Não guardar distância de segurança,Colisão traseira,Sem Vítimas        ,Pleno dia,Ceu Claro,Dupla   ,Urbano,Caminhonete,Ignorado    ,-1.0,Inválido
1152379,08/08/2012,RN,101,PARNAMIRIM,Não guardar distância de segurança,Colisão traseira,Sem Vítimas        ,Pleno dia,Ceu Claro,Dupla   ,Urbano,Camioneta,Ileso       ,26.0,Masculino
1152379,08/08/2012,RN,101,PARNAMIRIM,Não guardar distância de segurança,Colisão traseira,Sem Vítimas        ,Pleno dia,Ceu Claro,Dupla   ,Urbano,Automóvel,Ileso       ,24.0,Feminino
1152384,07/08/2012,RN,226,PAU DOS FERROS,Defeito mecânico em veículo,Tombamento,Sem Vítimas        ,Pleno dia,Sol,Simples ,Rural ,Caminhão,Ileso       ,25.0,Masculino
1152469,08/08/2012,RN,101,SAO GONCALO DO AMARANTE,Falta de atenção,Colisão traseira,Sem Vítimas        ,Plena noite,Ceu Claro,Dupla   ,Urbano,Automóvel,Ileso       ,35.0,Masculino
1152469,08/08/2012,RN,101,SAO GONCALO DO AMARANTE,Falta de atenção,Colisão traseira,Sem Vítimas        ,Plena noite,Ceu Claro,Dupla   ,Urbano,Automóvel,Ileso       ,45.0,Masculino
1152489,05/08/2012,RN,304,NATAL,Outras,Colisão com objeto fixo,Com Vítimas Fatais ,Plena noite,Ceu Claro,Dupla   ,Urbano,Motocicletas,Morto       ,25.0,Masculino
1152508,08/08/2012,RN,101,CANGUARETAMA,Falta de atenção,Colisão traseira,Sem Vítimas        ,Pleno dia,Sol,Dupla   ,Rural ,Caminhonete,Ileso       ,48.0,Masculino
1152508,08/08/2012,RN,101,CANGUARETAMA,Falta de atenção,Colisão traseira,Sem Vítimas        ,Pleno dia,Sol,Dupla   ,Rural ,Automóvel,Ileso       ,39.0,Masculino
1152511,08/08/2012,RN,101,PARNAMIRIM,Outras,Atropelamento de pessoa,Com Vítimas Fatais ,Plena noite,Ceu Claro,Dupla   ,Urbano,Automóvel,Ileso       ,40.0,Masculino
1152511,08/08/2012,RN,101,PARNAMIRIM,Outras,Atropelamento de pessoa,Com Vítimas Fatais ,Plena noite,Ceu Claro,Dupla   ,Urbano,(null),Morto       ,-1.0,Masculino
1152522,08/08/2012,RN,304,CAICARA DO RIO DO VENTO,Outras,Colisão lateral,Com Vítimas Feridas,Plena noite,Ceu Claro,Simples ,Rural ,Caminhão,Ileso       ,25.0,Masculino
1152522,08/08/2012,RN,304,CAICARA DO RIO DO VENTO,Outras,Colisão lateral,Com Vítimas Feridas,Plena noite,Ceu Claro,Simples ,Rural ,Automóvel,Ferido Grave,34.0,Masculino
1152624,09/08/2012,RN,101,NATAL,Falta de atenção,Colisão lateral,Com Vítimas Feridas,Pleno dia,Nublado,Múltipla,Urbano,Automóvel,Ileso       ,45.0,Masculino
1152624,09/08/2012,RN,101,NATAL,Falta de atenção,Colisão lateral,Com Vítimas Feridas,Pleno dia,Nublado,Múltipla,Urbano,Motocicletas,Ileso       ,23.0,Masculino
1152624,09/08/2012,RN,101,NATAL,Falta de atenção,Colisão lateral,Com Vítimas Feridas,Pleno dia,Nublado,Múltipla,Urbano,Motocicletas,Ferido Leve ,21.0,Feminino
1152630,06/08/2012,RN,101,SAO GONCALO DO AMARANTE,Outras,Queda de motocicleta / bicicleta / veículo,Com Vítimas Feridas,Pleno dia,Sol,Dupla   ,Urbano,Ciclomotor,Ferido Leve ,39.0,Masculino
1152657,09/08/2012,RN,101,NATAL,Falta de atenção,Colisão traseira,Sem Vítimas        ,Pleno dia,Nublado,Dupla   ,Urbano,Automóvel,Ileso       ,47.0,Feminino
1152657,09/08/2012,RN,101,NATAL,Falta de atenção,Colisão traseira,Sem Vítimas        ,Pleno dia,Nublado,Dupla   ,Urbano,Caminhonete,Ileso       ,23.0,Masculino
1152657,09/08/2012,RN,101,NATAL,Falta de atenção,Colisão traseira,Sem Vítimas        ,Pleno dia,Nublado,Dupla   ,Urbano,Automóvel,Ileso       ,30.0,Feminino
1152663,05/08/2012,RN,101,NATAL,Não guardar distância de segurança,Colisão traseira,Sem Vítimas        ,Plena noite,Ceu Claro,Múltipla,Urbano,Automóvel,Ileso       ,41.0,Feminino
1152663,05/08/2012,RN,101,NATAL,Não guardar distância de segurança,Colisão traseira,Sem Vítimas        ,Plena noite,Ceu Claro,Múltipla,Urbano,Automóvel,Ileso       ,21.0,Masculino
1152666,09/08/2012,RN,110,MOSSORO,Não guardar distância de segurança,Colisão traseira,Com Vítimas Feridas,Pleno dia,Sol,Simples ,Urbano,Automóvel,Ileso       ,55.0,Feminino
1152666,09/08/2012,RN,110,MOSSORO,Não guardar distância de segurança,Colisão traseira,Com Vítimas Feridas,Pleno dia,Sol,Simples ,Urbano,Motoneta,Ferido Leve ,25.0,Masculino
1152666,09/08/2012,RN,110,MOSSORO,Não guardar distância de segurança,Colisão traseira,Com Vítimas Feridas,Pleno dia,Sol,Simples ,Urbano,Caminhonete,Ileso       ,26.0,Masculino
1152771,09/08/2012,RN,101,NATAL,Outras,Colisão traseira,Sem Vítimas        ,Pleno dia,Sol,Dupla   ,Urbano,Automóvel,Ileso       ,35.0,Feminino
1152771,09/08/2012,RN,101,NATAL,Outras,Colisão traseira,Sem Vítimas        ,Pleno dia,Sol,Dupla   ,Urbano,Automóvel,Ileso       ,30.0,Feminino
1152808,09/08/2012,RN,101,NATAL,Falta de atenção,Colisão lateral,Sem Vítimas        ,Pleno dia,Ceu Claro,Dupla   ,Urbano,Automóvel,Ileso       ,34.0,Masculino
1152808,09/08/2012,RN,101,NATAL,Falta de atenção,Colisão lateral,Sem Vítimas        ,Pleno dia,Ceu Claro,Dupla   ,Urbano,Automóvel,Ileso       ,18.0,Masculino
1152882,09/08/2012,RN,101,NATAL,Falta de atenção,Colisão traseira,Sem Vítimas        ,Pleno dia,Sol,Dupla   ,Urbano,Automóvel,Ileso       ,25.0,Masculino
1152882,09/08/2012,RN,101,NATAL,Falta de atenção,Colisão traseira,Sem Vítimas        ,Pleno dia,Sol,Dupla   ,Urbano,Automóvel,Ileso       ,49.0,Masculino
1152882,09/08/2012,RN,101,NATAL,Falta de atenção,Colisão traseira,Sem Vítimas        ,Pleno dia,Sol,Dupla   ,Urbano,Automóvel,Ileso       ,30.0,Masculino
1152916,09/08/2012,RN,304,ITAJA,Falta de atenção,Colisão traseira,Com Vítimas Feridas,Pleno dia,Ceu Claro,Simples ,Rural ,Automóvel,Ileso       ,44.0,Masculino
1152916,09/08/2012,RN,304,ITAJA,Falta de atenção,Colisão traseira,Com Vítimas Feridas,Pleno dia,Ceu Claro,Simples ,Rural ,Automóvel,Ferido Leve ,-1.0,Feminino
1152916,09/08/2012,RN,304,ITAJA,Falta de atenção,Colisão traseira,Com Vítimas Feridas,Pleno dia,Ceu Claro,Simples ,Rural ,Caminhão,Ignorado    ,-1.0,Inválido
1152927,09/08/2012,RN,101,NATAL,Defeito mecânico em veículo,Colisão traseira,Sem Vítimas        ,Plena noite,Nublado,Dupla   ,Urbano,Microônibus,Ileso       ,36.0,Masculino
1152927,09/08/2012,RN,101,NATAL,Defeito mecânico em veículo,Colisão traseira,Sem Vítimas        ,Plena noite,Nublado,Dupla   ,Urbano,Automóvel,Ileso       ,59.0,Masculino
1152945,09/08/2012,RN,304,MACAIBA,Outras,Saída de Pista,Sem Vítimas        ,Plena noite,Ceu Claro,Dupla   ,Rural ,Automóvel,Ileso       ,63.0,Masculino
1152949,09/08/2012,RN,226,NATAL,Outras,Colisão Transversal,Com Vítimas Feridas,Plena noite,Ceu Claro,Simples ,Urbano,Motocicletas,Ferido Grave,39.0,Masculino
1152949,09/08/2012,RN,226,NATAL,Outras,Colisão Transversal,Com Vítimas Feridas,Plena noite,Ceu Claro,Simples ,Urbano,Automóvel,Ileso       ,42.0,Masculino
1152949,09/08/2012,RN,226,NATAL,Outras,Colisão Transversal,Com Vítimas Feridas,Plena noite,Ceu Claro,Simples ,Urbano,Carroça,Ignorado    ,-1.0,Masculino
1153100,04/08/2012,RN,101,PARNAMIRIM,Ingestão de álcool,Colisão traseira,Com Vítimas Feridas,Plena noite,Ceu Claro,Dupla   ,Urbano,Automóvel,Ileso       ,34.0,Masculino
1153100,04/08/2012,RN,101,PARNAMIRIM,Ingestão de álcool,Colisão traseira,Com Vítimas Feridas,Plena noite,Ceu Claro,Dupla   ,Urbano,Bicicleta,Ferido Grave,67.0,Masculino
1153129,06/08/2012,RN,101,NATAL,Falta de atenção,Colisão traseira,Sem Vítimas        ,Pleno dia,Ceu Claro,Múltipla,Urbano,Automóvel,Ileso       ,-1.0,Masculino
1153129,06/08/2012,RN,101,NATAL,Falta de atenção,Colisão traseira,Sem Vítimas        ,Pleno dia,Ceu Claro,Múltipla,Urbano,Automóvel,Ileso       ,52.0,Masculino
1153129,06/08/2012,RN,101,NATAL,Falta de atenção,Colisão traseira,Sem Vítimas        ,Pleno dia,Ceu Claro,Múltipla,Urbano,Automóvel,Ileso       ,31.0,Masculino
1153140,17/06/2012,RN,226,JUCURUTU,Ultrapassagem indevida,Colisão lateral,Com Vítimas Feridas,Pleno dia,Ceu Claro,Simples ,Rural ,Caminhão-Trator,Ileso       ,37.0,Masculino
1153140,17/06/2012,RN,226,JUCURUTU,Ultrapassagem indevida,Colisão lateral,Com Vítimas Feridas,Pleno dia,Ceu Claro,Simples ,Rural ,Automóvel,Ileso       ,42.0,Masculino
1153140,17/06/2012,RN,226,JUCURUTU,Ultrapassagem indevida,Colisão lateral,Com Vítimas Feridas,Pleno dia,Ceu Claro,Simples ,Rural ,Automóvel,Ileso       ,41.0,Feminino
1153140,17/06/2012,RN,226,JUCURUTU,Ultrapassagem indevida,Colisão lateral,Com Vítimas Feridas,Pleno dia,Ceu Claro,Simples ,Rural ,Automóvel,Ferido Leve ,-1.0,Masculino
1153165,10/08/2012,RN,101,NATAL,Outras,Colisão traseira,Sem Vítimas        ,Pleno dia,Ceu Claro,Dupla   ,Urbano,Caminhão-Trator,Ileso       ,37.0,Masculino
1153165,10/08/2012,RN,101,NATAL,Outras,Colisão traseira,Sem Vítimas        ,Pleno dia,Ceu Claro,Dupla   ,Urbano,Caminhão,Ileso       ,37.0,Masculino
1153165,10/08/2012,RN,101,NATAL,Outras,Colisão traseira,Sem Vítimas        ,Pleno dia,Ceu Claro,Dupla   ,Urbano,Caminhão-Trator,Ignorado    ,-1.0,Masculino
1153407,10/08/2012,RN,101,NATAL,Falta de atenção,Colisão traseira,Sem Vítimas        ,Pleno dia,Sol,Múltipla,Urbano,Automóvel,Ileso       ,51.0,Masculino
1153407,10/08/2012,RN,101,NATAL,Falta de atenção,Colisão traseira,Sem Vítimas        ,Pleno dia,Sol,Múltipla,Urbano,Caminhão,Ileso       ,26.0,Masculino
1153415,10/08/2012,RN,101,NATAL,Não guardar distância de segurança,Colisão traseira,Sem Vítimas        ,Pleno dia,Sol,Múltipla,Urbano,Automóvel,Ileso       ,29.0,Feminino
1153415,10/08/2012,RN,101,NATAL,Não guardar distância de segurança,Colisão traseira,Sem Vítimas        ,Pleno dia,Sol,Múltipla,Urbano,Automóvel,Ileso       ,20.0,Feminino
1153417,10/08/2012,RN,101,EXTREMOZ,Outras,Colisão lateral,Com Vítimas Feridas,Anoitecer,Ceu Claro,Simples ,Rural ,Automóvel,Ileso       ,40.0,Feminino
1153417,10/08/2012,RN,101,EXTREMOZ,Outras,Colisão lateral,Com Vítimas Feridas,Anoitecer,Ceu Claro,Simples ,Rural ,Motocicletas,Ferido Grave,20.0,Masculino