id,data_inversa,uf,br,municipio,causa_acidente,tipo_acidente,classificacao_acidente,fase_dia,condicao_metereologica,tipo_pista,uso_solo,tipo_veiculo,estado_fisico,idade,sexo
1153428,10/08/2012,RN,101,NATAL,Falta de atenção,Colisão lateral,Sem Vítimas        ,Pleno dia,Ceu Claro,Dupla   ,Urbano,Camioneta,Ileso       ,58.0,Masculino
1153428,10/08/2012,RN,101,NATAL,Falta de atenção,Colisão lateral,Sem Vítimas        ,Pleno dia,Ceu Claro,Dupla   ,Urbano,Automóvel,Ileso       ,33.0,Masculino
1153450,10/08/2012,RN,304,MACAIBA,Outras,Capotamento,Com Vítimas Feridas,Anoitecer,Ceu Claro,Simples ,Rural ,Automóvel,Ferido Leve ,55.0,Feminino
1153450,10/08/2012,RN,304,MACAIBA,Outras,Capotamento,Com Vítimas Feridas,Anoitecer,Ceu Claro,Simples ,Rural ,Automóvel,Ferido Grave,52.0,Feminino
1153450,10/08/2012,RN,304,MACAIBA,Outras,Capotamento,Com Vítimas Feridas,Anoitecer,Ceu Claro,Simples ,Rural ,Automóvel,Ferido Leve ,87.0,Feminino
1153522,10/08/2012,RN,101,NATAL,Falta de atenção,Colisão lateral,Com Vítimas Feridas,Amanhecer,Sol,Dupla   ,Urbano,Utilitário,Ferido Grave,23.0,Masculino
1153522,10/08/2012,RN,101,NATAL,Falta de atenção,Colisão lateral,Com Vítimas Feridas,Amanhecer,Sol,Dupla   ,Urbano,Motocicletas,Ferido Leve ,37.0,Masculino
1153641,11/08/2012,RN,101,NATAL,Outras,Colisão traseira,Com Vítimas Feridas,Pleno dia,Ceu Claro,Dupla   ,Urbano,Motocicletas,Ferido Leve ,36.0,Masculino
1153641,11/08/2012,RN,101,NATAL,Outras,Colisão traseira,Com Vítimas Feridas,Pleno dia,Ceu Claro,Dupla   ,Urbano,Automóvel,Ileso       ,38.0,Masculino
1153649,11/08/2012,RN,406,CEARA-MIRIM,Falta de atenção,Colisão Transversal,Com Vítimas Feridas,Pleno dia,Ceu Claro,Simples ,Urbano,Motoneta,Ferido Leve ,-1.0,Masculino
1153649,11/08/2012,RN,406,CEARA-MIRIM,Falta de atenção,Colisão Transversal,Com Vítimas Feridas,Pleno dia,Ceu Claro,Simples ,Urbano,Automóvel,Ileso       ,-1.0,Masculino
1153656,10/08/2012,RN,226,CURRAIS NOVOS,Falta de atenção,Colisão traseira,Sem Vítimas        ,Plena noite,Ceu Claro,Simples ,Urbano,Automóvel,Ileso       ,22.0,Masculino
1153656,10/08/2012,RN,226,CURRAIS NOVOS,Falta de atenção,Colisão traseira,Sem Vítimas        ,Plena noite,Ceu Claro,Simples ,Urbano,Automóvel,Ileso       ,31.0,Masculino
1153685,11/08/2012,RN,406,CEARA-MIRIM,Não guardar distância de segurança,Colisão traseira,Sem Vítimas        ,Pleno dia,Ceu Claro,Simples ,Urbano,Automóvel,Ileso       ,53.0,Masculino
1153685,11/08/2012,RN,406,CEARA-MIRIM,Não guardar distância de segurança,Colisão traseira,Sem Vítimas        ,Pleno dia,Ceu Claro,Simples ,Urbano,Automóvel,Ileso       ,19.0,Masculino
1153717,11/08/2012,RN,101,EXTREMOZ,Falta de atenção,Colisão Transversal,Sem Vítimas        ,Pleno dia,Ceu Claro,Simples ,Rural ,Automóvel,Ileso       ,38.0,Masculino
1153717,11/08/2012,RN,101,EXTREMOZ,Falta de atenção,Colisão Transversal,Sem Vítimas        ,Pleno dia,Ceu Claro,Simples ,Rural ,Utilitário,Ileso       ,-1.0,Masculino
1153790,08/08/2012,RN,304,MACAIBA,Não guardar distância de segurança,Colisão traseira,Sem Vítimas        ,Plena noite,Ceu Claro,Simples ,Rural ,Caminhonete,Ileso       ,32.0,Masculino
1153790,08/08/2012,RN,304,MACAIBA,Não guardar distância de segurança,Colisão traseira,Sem Vítimas        ,Plena noite,Ceu Claro,Simples ,Rural ,Automóvel,Ileso       ,52.0,Masculino
1153866,11/08/2012,RN,101,SAO GONCALO DO AMARANTE,Outras,Colisão Transversal,Sem Vítimas        ,Anoitecer,Ceu Claro,Dupla   ,Urbano,Caminhão,Ileso       ,-1.0,Masculino
1153866,11/08/2012,RN,101,SAO GONCALO DO AMARANTE,Outras,Colisão Transversal,Sem Vítimas        ,Anoitecer,Ceu Claro,Dupla   ,Urbano,Automóvel,Ileso       ,-1.0,Masculino
1153866,11/08/2012,RN,101,SAO GONCALO DO AMARANTE,Outras,Colisão Transversal,Sem Vítimas        ,Anoitecer,Ceu Claro,Dupla   ,Urbano,Automóvel,Ileso       ,-1.0,Masculino
1153871,11/08/2012,RN,101,PARNAMIRIM,Outras,Colisão traseira,Sem Vítimas        ,Pleno dia,Ceu Claro,Dupla   ,Urbano,Caminhonete,Ileso       ,23.0,Masculino
1153871,11/08/2012,RN,101,PARNAMIRIM,Outras,Colisão traseira,Sem Vítimas        ,Pleno dia,Ceu Claro,Dupla   ,Urbano,Caminhão,Ileso       ,27.0,Masculino
1153888,11/08/2012,RN,226,SANTA CRUZ,Outras,Colisão Transversal,Sem Vítimas        ,Pleno dia,Ceu Claro,Simples ,Urbano,Automóvel,Ileso       ,42.0,Masculino
1153888,11/08/2012,RN,226,SANTA CRUZ,Outras,Colisão Transversal,Sem Vítimas        ,Pleno dia,Ceu Claro,Simples ,Urbano,Automóvel,Ileso       ,45.0,Masculino
1153913,11/08/2012,RN,101,PARNAMIRIM,Outras,Colisão traseira,Com Vítimas Feridas,Pleno dia,Ceu Claro,Dupla   ,Urbano,Motocicletas,Ferido Grave,48.0,Masculino
1153913,11/08/2012,RN,101,PARNAMIRIM,Outras,Colisão traseira,Com Vítimas Feridas,Pleno dia,Ceu Claro,Dupla   ,Urbano,Motocicletas,Ferido Grave,32.0,Masculino
1153913,11/08/2012,RN,101,PARNAMIRIM,Outras,Colisão traseira,Com Vítimas Feridas,Pleno dia,Ceu Claro,Dupla   ,Urbano,Automóvel,Ileso       ,37.0,Masculino
1154029,11/08/2012,RN,101,PARNAMIRIM,Falta de atenção,Colisão lateral,Sem Vítimas        ,Plena noite,Ceu Claro,Dupla   ,Urbano,Automóvel,Ileso       ,28.0,Masculino
1154029,11/08/2012,RN,101,PARNAMIRIM,Falta de atenção,Colisão lateral,Sem Vítimas        ,Plena noite,Ceu Claro,Dupla   ,Urbano,Automóvel,Ileso       ,56.0,Masculino
1154054,11/08/2012,RN,304,ITAJA,Outras,Colisão lateral,Sem Vítimas        ,Pleno dia,Sol,Simples ,Urbano,Automóvel,Ileso       ,34.0,Masculino
1154054,11/08/2012,RN,304,ITAJA,Outras,Colisão lateral,Sem Vítimas        ,Pleno dia,Sol,Simples ,Urbano,Caminhão,Ignorado    ,-1.0,Inválido
1154063,11/08/2012,RN,101,SAO JOSE DE MIPIBU,Outras,Colisão com bicicleta,Com Vítimas Feridas,Pleno dia,Ceu Claro,Dupla   ,Urbano,Motocicletas,Ignorado    ,-1.0,Inválido
1154063,11/08/2012,RN,101,SAO JOSE DE MIPIBU,Outras,Colisão com bicicleta,Com Vítimas Feridas,Pleno dia,Ceu Claro,Dupla   ,Urbano,Bicicleta,Ferido Grave,19.0,Masculino
1154084,11/08/2012,RN,304,ITAJA,Animais na Pista,Capotamento,Com Vítimas Fatais ,Plena noite,Ceu Claro,Simples ,Rural ,Camioneta,Morto       ,22.0,Feminino
1154181,12/08/2012,RN,101,NATAL,Falta de atenção,Colisão lateral,Sem Vítimas        ,Pleno dia,Ceu Claro,Dupla   ,Urbano,Automóvel,Ileso       ,35.0,Masculino
1154181,12/08/2012,RN,101,NATAL,Falta de atenção,Colisão lateral,Sem Vítimas        ,Pleno dia,Ceu Claro,Dupla   ,Urbano,Automóvel,Ileso       ,45.0,Feminino
1154203,08/08/2012,RN,304,APODI,Desobediência à sinalização,Colisão lateral,Sem Vítimas        ,Anoitecer,Ceu Claro,Simples ,Rural ,Caminhão,Ileso       ,30.0,Masculino
1154203,08/08/2012,RN,304,APODI,Desobediência à sinalização,Colisão lateral,Sem Vítimas        ,Anoitecer,Ceu Claro,Simples ,Rural ,Caminhão-Trator,Ileso       ,43.0,Masculino
1154203,08/08/2012,RN,304,APODI,Desobediência à sinalização,Colisão lateral,Sem Vítimas        ,Anoitecer,Ceu Claro,Simples ,Rural ,Caminhão,Ileso       ,30.0,Masculino
1154246,12/08/2012,RN,304,MOSSORO,Falta de atenção,Colisão lateral,Sem Vítimas        ,Pleno dia,Ceu Claro,Simples ,Urbano,Automóvel,Ileso       ,45.0,Masculino
1154246,12/08/2012,RN,304,MOSSORO,Falta de atenção,Colisão lateral,Sem Vítimas        ,Pleno dia,Ceu Claro,Simples ,Urbano,Caminhão-Trator,Ileso       ,45.0,Masculino
1154315,10/08/2012,RN,304,ANGICOS,Outras,Colisão frontal,Com Vítimas Fatais ,Pleno dia,Sol,Simples ,Rural ,Automóvel,Ferido Leve ,33.0,Masculino
1154315,10/08/2012,RN,304,ANGICOS,Outras,Colisão frontal,Com Vítimas Fatais ,Pleno dia,Sol,Simples ,Rural ,Motocicletas,Morto       ,16.0,Masculino
1154315,10/08/2012,RN,304,ANGICOS,Outras,Colisão frontal,Com Vítimas Fatais ,Pleno dia,Sol,Simples ,Rural ,Automóvel,Ferido Leve ,34.0,Feminino
1154364,11/08/2012,RN,101,PARNAMIRIM,Outras,Colisão Transversal,Sem Vítimas        ,Pleno dia,Sol,Múltipla,Urbano,Automóvel,Ileso       ,21.0,Masculino
1154364,11/08/2012,RN,101,PARNAMIRIM,Outras,Colisão Transversal,Sem Vítimas        ,Pleno dia,Sol,Múltipla,Urbano,Motocicletas,Ileso       ,-1.0,Masculino
1154364,11/08/2012,RN,101,PARNAMIRIM,Outras,Colisão Transversal,Sem Vítimas        ,Pleno dia,Sol,Múltipla,Urbano,Motocicletas,Ileso       ,-1.0,Masculino
1154391,12/08/2012,RN,101,NATAL,Não guardar distância de segurança,Colisão traseira,Sem Vítimas        ,Plena noite,Nublado,Dupla   ,Urbano,Automóvel,Ileso       ,31.0,Masculino
1154391,12/08/2012,RN,101,NATAL,Não guardar distância de segurança,Colisão traseira,Sem Vítimas        ,Plena noite,Nublado,Dupla   ,Urbano,Automóvel,Ileso       ,-1.0,Masculino
1154393,12/08/2012,RN,101,NATAL,Não guardar distância de segurança,Colisão traseira,Sem Vítimas        ,Plena noite,Chuva,Dupla   ,Urbano,Automóvel,Ileso       ,21.0,Feminino
1154393,12/08/2012,RN,101,NATAL,Não guardar distância de segurança,Colisão traseira,Sem Vítimas        ,Plena noite,Chuva,Dupla   ,Urbano,Automóvel,Ileso       ,24.0,Masculino
1154393,12/08/2012,RN,101,NATAL,Não guardar distância de segurança,Colisão traseira,Sem Vítimas        ,Plena noite,Chuva,Dupla   ,Urbano,Automóvel,Ileso       ,59.0,Masculino
1154447,10/08/2012,RN,110,MOSSORO,Falta de atenção,Colisão traseira,Sem Vítimas        ,Pleno dia,Sol,Dupla   ,Urbano,Automóvel,Ileso       ,27.0,Masculino
1154447,10/08/2012,RN,110,MOSSORO,Falta de atenção,Colisão traseira,Sem Vítimas        ,Pleno dia,Sol,Dupla   ,Urbano,Automóvel,Ileso       ,26.0,Masculino
1154655,13/08/2012,RN,101,SAO JOSE DE MIPIBU,Falta de atenção,Colisão traseira,Sem Vítimas        ,Pleno dia,Chuva,Dupla   ,Urbano,Caminhonete,Ileso       ,23.0,Masculino
1154655,13/08/2012,RN,101,SAO JOSE DE MIPIBU,Falta de atenção,Colisão traseira,Sem Vítimas        ,Pleno dia,Chuva,Dupla   ,Urbano,Automóvel,Ileso       ,20.0,Feminino
1154696,13/08/2012,RN,101,NATAL,Falta de atenção,Colisão lateral,Sem Vítimas        ,Pleno dia,Chuva,Dupla   ,Urbano,Caminhão,Ileso       ,37.0,Masculino
1154696,13/08/2012,RN,101,NATAL,Falta de atenção,Colisão lateral,Sem Vítimas        ,Pleno dia,Chuva,Dupla   ,Urbano,Automóvel,Ileso       ,36.0,Masculino
1154715,13/08/2012,RN,101,NATAL,Outras,Capotamento,Com Vítimas Feridas,Pleno dia,Nublado,Múltipla,Urbano,Automóvel,Ferido Leve ,20.0,Feminino
1154715,13/08/2012,RN,101,NATAL,Outras,Capotamento,Com Vítimas Feridas,Pleno dia,Nublado,Múltipla,Urbano,Caminhonete,Ileso       ,60.0,Masculino
1154715,13/08/2012,RN,101,NATAL,Outras,Capotamento,Com Vítimas Feridas,Pleno dia,Nublado,Múltipla,Urbano,Automóvel,Ileso       ,39.0,Masculino
1154715,13/08/2012,RN,101,NATAL,Outras,Capotamento,Com Vítimas Feridas,Pleno dia,Nublado,Múltipla,Urbano,Automóvel,Ferido Leve ,-1.0,Feminino
1154715,13/08/2012,RN,101,NATAL,Outras,Capotamento,Com Vítimas Feridas,Pleno dia,Nublado,Múltipla,Urbano,Automóvel,Ferido Leve ,-1.0,Feminino
1154734,13/08/2012,RN,101,SAO GONCALO DO AMARANTE,Outras,Colisão traseira,Sem Vítimas        ,Pleno dia,Chuva,Dupla   ,Urbano,Automóvel,Ileso       ,28.0,Masculino
1154734,13/08/2012,RN,101,SAO GONCALO DO AMARANTE,Outras,Colisão traseira,Sem Vítimas        ,Pleno dia,Chuva,Dupla   ,Urbano,Camioneta,Ileso       ,53.0,Masculino
1154760,13/08/2012,RN,101,SAO GONCALO DO AMARANTE,Falta de atenção,Colisão traseira,Sem Vítimas        ,Pleno dia,Chuva,Dupla   ,Urbano,Automóvel,Ileso       ,59.0,Feminino
1154760,13/08/2012,RN,101,SAO GONCALO DO AMARANTE,Falta de atenção,Colisão traseira,Sem Vítimas        ,Pleno dia,Chuva,Dupla   ,Urbano,Automóvel,Ileso       ,66.0,Masculino
1154788,13/08/2012,RN,101,PARNAMIRIM,Falta de atenção,Colisão Transversal,Com Vítimas Feridas,Pleno dia,Chuva,Dupla   ,Urbano,Ciclomotor,Ferido Leve ,43.0,Masculino
1154788,13/08/2012,RN,101,PARNAMIRIM,Falta de atenção,Colisão Transversal,Com Vítimas Feridas,Pleno dia,Chuva,Dupla   ,Urbano,Caminhão,Ileso       ,37.0,Masculino
1154795,13/08/2012,RN,101,CEARA-MIRIM,Defeito mecânico em veículo,Colisão frontal,Com Vítimas Feridas,Pleno dia,Chuva,Simples ,Rural ,Motocicletas,Ferido Leve ,51.0,Masculino
1154795,13/08/2012,RN,101,CEARA-MIRIM,Defeito mecânico em veículo,Colisão frontal,Com Vítimas Feridas,Pleno dia,Chuva,Simples ,Rural ,Caminhonete,Ileso       ,47.0,Masculino
1154829,13/08/2012,RN,101,NATAL,Outras,Colisão traseira,Sem Vítimas        ,Pleno dia,Chuva,Dupla   ,Urbano,Automóvel,Ileso       ,38.0,Feminino
1154829,13/08/2012,RN,101,NATAL,Outras,Colisão traseira,Sem Vítimas        ,Pleno dia,Chuva,Dupla   ,Urbano,Automóvel,Ileso       ,34.0,Masculino
1154829,13/08/2012,RN,101,NATAL,Outras,Colisão traseira,Sem Vítimas        ,Pleno dia,Chuva,Dupla   ,Urbano,Automóvel,Ileso       ,35.0,Masculino
1154833,13/08/2012,RN,226,NATAL,Falta de atenção,Colisão traseira,Sem Vítimas        ,Pleno dia,Nevoeiro/neblina,Dupla   ,Urbano,Automóvel,Ileso       ,23.0,Masculino
1154833,13/08/2012,RN,226,NATAL,Falta de atenção,Colisão traseira,Sem Vítimas        ,Pleno dia,Nevoeiro/neblina,Dupla   ,Urbano,Automóvel,Ileso       ,39.0,Masculino
1154858,13/08/2012,RN,101,NATAL,Não guardar distância de segurança,Colisão traseira,Sem Vítimas        ,Anoitecer,Chuva,Dupla   ,Urbano,Automóvel,Ileso       ,-1.0,Masculino
1154858,13/08/2012,RN,101,NATAL,Não guardar distância de segurança,Colisão traseira,Sem Vítimas        ,Anoitecer,Chuva,Dupla   ,Urbano,Automóvel,Ileso       ,38.0,Masculino
1154879,13/08/2012,RN,101,PARNAMIRIM,Outras,Colisão traseira,Sem Vítimas        ,Anoitecer,Chuva,Dupla   ,Urbano,Automóvel,Ileso       ,60.0,Masculino
1154879,13/08/2012,RN,101,PARNAMIRIM,Outras,Colisão traseira,Sem Vítimas        ,Anoitecer,Chuva,Dupla   ,Urbano,Ônibus,Ileso       ,50.0,Masculino
1154902,13/08/2012,RN,101,PARNAMIRIM,Não guardar distância de segurança,Colisão traseira,Sem Vítimas        ,Plena noite,Chuva,Múltipla,Urbano,Automóvel,Ileso       ,26.0,Masculino
1154902,13/08/2012,RN,101,PARNAMIRIM,Não guardar distância de segurança,Colisão traseira,Sem Vítimas        ,Plena noite,Chuva,Múltipla,Urbano,Automóvel,Ileso       ,26.0,Masculino
1154947,13/08/2012,RN,101,NATAL,Falta de atenção,Colisão traseira,Sem Vítimas        ,Plena noite,Chuva,Múltipla,Urbano,Automóvel,Ileso       ,-1.0,Masculino
1154947,13/08/2012,RN,101,NATAL,Falta de atenção,Colisão traseira,Sem Vítimas        ,Plena noite,Chuva,Múltipla,Urbano,Caminhão,Ileso       ,-1.0,Masculino
1154986,13/08/2012,RN,226,SANTA CRUZ,Falta de atenção,Colisão traseira,Com Vítimas Feridas,Anoitecer,Ceu Claro,Simples ,Rural ,Ônibus,Ignorado    ,-1.0,Masculino
1154986,13/08/2012,RN,226,SANTA CRUZ,Falta de atenção,Colisão traseira,Com Vítimas Feridas,Anoitecer,Ceu Claro,Simples ,Rural ,Motocicletas,Ferido Grave,23.0,Masculino
1155011,13/08/2012,RN,304,ASSU,Animais na Pista,Atropelamento de animal,Sem Vítimas        ,Plena noite,Ceu Claro,Simples ,Rural ,Caminhão,Ileso       ,29.0,Masculino
1155025,11/08/2012,RN,304,MOSSORO,Outras,Colisão frontal,Com Vítimas Fatais ,Plena noite,Ignorada,Simples ,Rural ,Motoneta,Morto       ,25.0,Masculino
1155025,11/08/2012,RN,304,MOSSORO,Outras,Colisão frontal,Com Vítimas Fatais ,Plena noite,Ignorada,Simples ,Rural ,Não identificado,Ignorado    ,-1.0,Inválido
1155040,13/08/2012,RN,304,MOSSORO,Animais na Pista,Atropelamento de animal,Sem Vítimas        ,Plena noite,Ceu Claro,Simples ,Urbano,Caminhão,Ileso       ,57.0,Masculino
1155044,13/08/2012,RN,101,SAO GONCALO DO AMARANTE,Outras,Colisão Transversal,Com Vítimas Feridas,Plena noite,Chuva,Dupla   ,Rural ,Automóvel,Ferido Leve ,23.0,Masculino
1155044,13/08/2012,RN,101,SAO GONCALO DO AMARANTE,Outras,Colisão Transversal,Com Vítimas Feridas,Plena noite,Chuva,Dupla   ,Rural ,Automóvel,Ileso       ,41.0,Masculino
1155149,10/08/2012,RN,304,MACAIBA,Falta de atenção,Colisão traseira,Sem Vítimas        ,Plena noite,Ceu Claro,Simples ,Rural ,Caminhonete,Ileso       ,-1.0,Masculino
1155149,10/08/2012,RN,304,MACAIBA,Falta de atenção,Colisão traseira,Sem Vítimas        ,Plena noite,Ceu Claro,Simples ,Rural ,Caminhão-Trator,Ileso       ,33.0,Masculino
1155155,28/07/2012,RN,304,SANTA MARIA,Defeito na via,Capotamento,Com Vítimas Fatais ,Pleno dia,Ceu Claro,Simples ,Rural ,Camioneta,Ileso       ,39.0,Feminino
1155155,28/07/2012,RN,304,SANTA MARIA,Defeito na via,Capotamento,Com Vítimas Fatais ,Pleno dia,Ceu Claro,Simples ,Rural ,Camioneta,Ferido Leve ,-1.0,Masculino
1155155,28/07/2012,RN,304,SANTA MARIA,Defeito na via,Capotamento,Com Vítimas Fatais ,Pleno dia,Ceu Claro,Simples ,Rural ,Camioneta,Morto       ,15.0,Masculino
1155155,28/07/2012,RN,304,SANTA MARIA,Defeito na via,Capotamento,Com Vítimas Fatais ,Pleno dia,Ceu Claro,Simples ,Rural ,Camioneta,Ferido Leve ,-1.0,Masculino
1155155,28/07/2012,RN,304,SANTA MARIA,Defeito na via,Capotamento,Com Vítimas Fatais ,Pleno dia,Ceu Claro,Simples ,Rural ,Camioneta,Morto       ,-1.0,Masculino
1155155,28/07/2012,RN,304,SANTA MARIA,Defeito na via,Capotamento,Com Vítimas Fatais ,Pleno dia,Ceu Claro,Simples ,Rural ,Camioneta,Ferido Grave,-1.0,Masculino
1155182,12/08/2012,RN,304,ANGICOS,Outras,Colisão frontal,Com Vítimas Fatais ,Plena noite,Ceu Claro,Simples ,Rural ,Motocicletas,Morto       ,36.0,Masculino
1155182,12/08/2012,RN,304,ANGICOS,Outras,Colisão frontal,Com Vítimas Fatais ,Plena noite,Ceu Claro,Simples ,Rural ,Motocicletas,Morto       ,12.0,Masculino
1155182,12/08/2012,RN,304,ANGICOS,Outras,Colisão frontal,Com Vítimas Fatais ,Plena noite,Ceu Claro,Simples ,Rural ,Automóvel,Ileso       ,38.0,Masculino
1155190,12/08/2012,RN,427,JARDIM DO SERIDO,Outras,Tombamento,Com Vítimas Feridas,Anoitecer,Ceu Claro,Simples ,Rural ,Motocicletas,Ferido Grave,17.0,Masculino
1155204,09/08/2012,RN,304,ASSU,Animais na Pista,Atropelamento de animal,Sem Vítimas        ,Amanhecer,Sol,Simples ,Rural ,Automóvel,Ileso       ,44.0,Masculino
1155214,14/08/2012,RN,304,MOSSORO,Falta de atenção,Colisão traseira,Sem Vítimas        ,Pleno dia,Sol,Simples ,Urbano,Utilitário,Ileso       ,52.0,Masculino
1155214,14/08/2012,RN,304,MOSSORO,Falta de atenção,Colisão traseira,Sem Vítimas        ,Pleno dia,Sol,Simples ,Urbano,Automóvel,Ileso       ,-1.0,Masculino
1155221,14/08/2012,RN,101,PARNAMIRIM,Desobediência à sinalização,Colisão lateral,Com Vítimas Feridas,Pleno dia,Ceu Claro,Múltipla,Urbano,Automóvel,Ileso       ,41.0,Feminino
1155221,14/08/2012,RN,101,PARNAMIRIM,Desobediência à sinalização,Colisão lateral,Com Vítimas Feridas,Pleno dia,Ceu Claro,Múltipla,Urbano,Motocicletas,Ferido Leve ,23.0,Masculino
1155221,14/08/2012,RN,101,PARNAMIRIM,Desobediência à sinalização,Colisão lateral,Com Vítimas Feridas,Pleno dia,Ceu Claro,Múltipla,Urbano,Motocicletas,Ferido Leve ,23.0,Masculino
1155240,10/08/2012,RN,101,NATAL,Falta de atenção,Colisão lateral,Sem Vítimas        ,Pleno dia,Sol,Múltipla,Urbano,Utilitário,Ileso       ,27.0,Feminino
1155240,10/08/2012,RN,101,NATAL,Falta de atenção,Colisão lateral,Sem Vítimas        ,Pleno dia,Sol,Múltipla,Urbano,Automóvel,Ileso       ,67.0,Masculino
1155294,11/08/2012,RN,304,SAO PEDRO,Animais na Pista,Atropelamento de animal,Com Vítimas Fatais ,Plena noite,Ceu Claro,Simples ,Rural ,Motocicletas,Morto       ,32.0,Masculino
1155294,11/08/2012,RN,304,SAO PEDRO,Animais na Pista,Atropelamento de animal,Com Vítimas Fatais ,Plena noite,Ceu Claro,Simples ,Rural ,Automóvel,Ignorado    ,-1.0,Inválido
1155408,12/08/2012,RN,427,CURRAIS NOVOS,Outras,Colisão frontal,Com Vítimas Feridas,Plena noite,Ceu Claro,Simples ,Rural ,Automóvel,Ferido Grave,48.0,Masculino
1155408,12/08/2012,RN,427,CURRAIS NOVOS,Outras,Colisão frontal,Com Vítimas Feridas,Plena noite,Ceu Claro,Simples ,Rural ,Automóvel,Ferido Grave,56.0,Masculino
1155408,12/08/2012,RN,427,CURRAIS NOVOS,Outras,Colisão frontal,Com Vítimas Feridas,Plena noite,Ceu Claro,Simples ,Rural ,Automóvel,Ferido Grave,55.0,Feminino
1155408,12/08/2012,RN,427,CURRAIS NOVOS,Outras,Colisão frontal,Com Vítimas Feridas,Plena noite,Ceu Claro,Simples ,Rural ,Automóvel,Ferido Grave,21.0,Masculino
1155408,12/08/2012,RN,427,CURRAIS NOVOS,Outras,Colisão frontal,Com Vítimas Feridas,Plena noite,Ceu Claro,Simples ,Rural ,Automóvel,Ferido Grave,18.0,Masculino
1155408,12/08/2012,RN,427,CURRAIS NOVOS,Outras,Colisão frontal,Com Vítimas Feridas,Plena noite,Ceu Claro,Simples ,Rural ,Automóvel,Ferido Grave,20.0,Feminino
1155561,14/08/2012,RN,110,AREIA BRANCA,Defeito mecânico em veículo,Queda de motocicleta / bicicleta / veículo,Com Vítimas Feridas,Pleno dia,Ceu Claro,Simples ,Rural ,Motocicletas,Ferido Leve ,30.0,Feminino
1155561,14/08/2012,RN,110,AREIA BRANCA,Defeito mecânico em veículo,Queda de motocicleta / bicicleta / veículo,Com Vítimas Feridas,Pleno dia,Ceu Claro,Simples ,Rural ,Motocicletas,Ferido Leve ,47.0,Feminino
1155604,14/08/2012,RN,304,MOSSORO,Falta de atenção,Colisão Transversal,Com Vítimas Feridas,Pleno dia,Ceu Claro,Simples ,Urbano,Motocicletas,Ileso       ,41.0,Masculino
1155604,14/08/2012,RN,304,MOSSORO,Falta de atenção,Colisão Transversal,Com Vítimas Feridas,Pleno dia,Ceu Claro,Simples ,Urbano,Motoneta,Ferido Leve ,25.0,Masculino
1155604,14/08/2012,RN,304,MOSSORO,Falta de atenção,Colisão Transversal,Com Vítimas Feridas,Pleno dia,Ceu Claro,Simples ,Urbano,Motoneta,Ferido Leve ,40.0,Feminino
1155719,10/02/2012,RN,101,PARNAMIRIM,Ultrapassagem indevida,Colisão Transversal,Com Vítimas Feridas,Pleno dia,Ceu Claro,Dupla   ,Urbano,Caminhonete,Ileso       ,26.0,Masculino
1155719,10/02/2012,RN,101,PARNAMIRIM,Ultrapassagem indevida,Colisão Transversal,Com Vítimas Feridas,Pleno dia,Ceu Claro,Dupla   ,Urbano,Motocicletas,Ferido Grave,47.0,Masculino
1155719,10/02/2012,RN,101,PARNAMIRIM,Ultrapassagem indevida,Colisão Transversal,Com Vítimas Feridas,Pleno dia,Ceu Claro,Dupla   ,Urbano,Motocicletas,Ferido Grave,48.0,Feminino
1155720,13/08/2012,RN,304,MOSSORO,Animais na Pista,Atropelamento de animal,Sem Vítimas        ,Plena noite,Ignorada,Simples ,Rural ,Caminhão,Ileso       ,42.0,Masculino
1155862,12/08/2012,RN,101,PARNAMIRIM,Dormindo,Colisão traseira,Sem Vítimas        ,Amanhecer,Ceu Claro,Múltipla,Urbano,Automóvel,Ileso       ,35.0,Masculino
1155862,12/08/2012,RN,101,PARNAMIRIM,Dormindo,Colisão traseira,Sem Vítimas        ,Amanhecer,Ceu Claro,Múltipla,Urbano,Automóvel,Ileso       ,31.0,Masculino
1155876,15/08/2012,RN,110,MOSSORO,Falta de atenção,Colisão lateral,Sem Vítimas        ,Pleno dia,Sol,Dupla   ,Urbano,Automóvel,Ileso       ,58.0,Masculino
1155876,15/08/2012,RN,110,MOSSORO,Falta de atenção,Colisão lateral,Sem Vítimas        ,Pleno dia,Sol,Dupla   ,Urbano,Caminhão-Trator,Ileso       ,34.0,Masculino
1155886,11/08/2012,RN,101,NATAL,Falta de atenção,Colisão lateral,Com Vítimas Feridas,Pleno dia,Ceu Claro,Múltipla,Urbano,Automóvel,Ileso       ,56.0,Masculino
1155886,11/08/2012,RN,101,NATAL,Falta de atenção,Colisão lateral,Com Vítimas Feridas,Pleno dia,Ceu Claro,Múltipla,Urbano,Motocicletas,Ferido Grave,24.0,Masculino
1155886,11/08/2012,RN,101,NATAL,Falta de atenção,Colisão lateral,Com Vítimas Feridas,Pleno dia,Ceu Claro,Múltipla,Urbano,Motocicletas,Ferido Grave,-1.0,Feminino
1155892,15/08/2012,RN,101,NATAL,Desobediência à sinalização,Colisão lateral,Com Vítimas Feridas,Pleno dia,Ceu Claro,Dupla   ,Urbano,Automóvel,Ileso       ,51.0,Masculino
1155892,15/08/2012,RN,101,NATAL,Desobediência à sinalização,Colisão lateral,Com Vítimas Feridas,Pleno dia,Ceu Claro,Dupla   ,Urbano,Motocicletas,Ferido Leve ,24.0,Masculino
1155892,15/08/2012,RN,101,NATAL,Desobediência à sinalização,Colisão lateral,Com Vítimas Feridas,Pleno dia,Ceu Claro,Dupla   ,Urbano,Motocicletas,Ferido Leve ,19.0,Masculino