id,data_inversa,uf,br,municipio,causa_acidente,tipo_acidente,classificacao_acidente,fase_dia,condicao_metereologica,tipo_pista,uso_solo,tipo_veiculo,estado_fisico,idade,sexo
1158791,22/08/2012,RN,101,NATAL,Velocidade incompatível,Colisão traseira,Sem Vítimas        ,Pleno dia,Sol,Múltipla,Urbano,Camioneta,Ileso       ,28.0,Masculino
1158791,22/08/2012,RN,101,NATAL,Velocidade incompatível,Colisão traseira,Sem Vítimas        ,Pleno dia,Sol,Múltipla,Urbano,Automóvel,Ileso       ,48.0,Masculino
1158805,22/08/2012,RN,101,NATAL,Falta de atenção,Colisão lateral,Sem Vítimas        ,Pleno dia,Ceu Claro,Dupla   ,Urbano,Ônibus,Ileso       ,31.0,Masculino
1158805,22/08/2012,RN,101,NATAL,Falta de atenção,Colisão lateral,Sem Vítimas        ,Pleno dia,Ceu Claro,Dupla   ,Urbano,Automóvel,Ileso       ,64.0,Masculino
1158916,22/08/2012,RN,101,NATAL,Falta de atenção,Colisão Transversal,Sem Vítimas        ,Pleno dia,Sol,Dupla   ,Urbano,Ônibus,Ileso       ,42.0,Masculino
1158916,22/08/2012,RN,101,NATAL,Falta de atenção,Colisão Transversal,Sem Vítimas        ,Pleno dia,Sol,Dupla   ,Urbano,Automóvel,Ignorado    ,-1.0,Masculino
1158933,22/08/2012,RN,101,NATAL,Não guardar distância de segurança,Colisão traseira,Sem Vítimas        ,Pleno dia,Ceu Claro,Dupla   ,Urbano,Automóvel,Ignorado    ,-1.0,Inválido
1158933,22/08/2012,RN,101,NATAL,Não guardar distância de segurança,Colisão traseira,Sem Vítimas        ,Pleno dia,Ceu Claro,Dupla   ,Urbano,Automóvel,Ileso       ,66.0,Masculino
1158945,22/08/2012,RN,101,PARNAMIRIM,Falta de atenção,Colisão lateral,Sem Vítimas        ,Plena noite,Ceu Claro,Dupla   ,Urbano,Automóvel,Ileso       ,57.0,Masculino
1158945,22/08/2012,RN,101,PARNAMIRIM,Falta de atenção,Colisão lateral,Sem Vítimas        ,Plena noite,Ceu Claro,Dupla   ,Urbano,Automóvel,Ileso       ,29.0,Masculino
1158956,18/08/2012,RN,101,PARNAMIRIM,Desobediência à sinalização,Colisão Transversal,Sem Vítimas        ,Plena noite,Ceu Claro,Dupla   ,Urbano,Automóvel,Ileso       ,26.0,Masculino
1158956,18/08/2012,RN,101,PARNAMIRIM,Desobediência à sinalização,Colisão Transversal,Sem Vítimas        ,Plena noite,Ceu Claro,Dupla   ,Urbano,Motocicletas,Ignorado    ,-1.0,Masculino
1159002,06/08/2012,RN,226,NATAL,Outras,Colisão lateral,Sem Vítimas        ,Pleno dia,Ceu Claro,Simples ,Urbano,Caminhão-Trator,Ileso       ,56.0,Masculino
1159002,06/08/2012,RN,226,NATAL,Outras,Colisão lateral,Sem Vítimas        ,Pleno dia,Ceu Claro,Simples ,Urbano,Automóvel,Ileso       ,35.0,Masculino
1159006,19/08/2012,RN,101,PARNAMIRIM,Outras,Colisão lateral,Com Vítimas Feridas,Plena noite,Ceu Claro,Múltipla,Urbano,Automóvel,Ileso       ,40.0,Masculino
1159006,19/08/2012,RN,101,PARNAMIRIM,Outras,Colisão lateral,Com Vítimas Feridas,Plena noite,Ceu Claro,Múltipla,Urbano,Ciclomotor,Ferido Grave,38.0,Masculino
1159024,21/08/2012,RN,101,NATAL,Outras,Colisão lateral,Sem Vítimas        ,Plena noite,Ceu Claro,Dupla   ,Urbano,Ônibus,Ileso       ,32.0,Masculino
1159024,21/08/2012,RN,101,NATAL,Outras,Colisão lateral,Sem Vítimas        ,Plena noite,Ceu Claro,Dupla   ,Urbano,Camioneta,Ileso       ,39.0,Masculino
1159410,24/08/2012,RN,101,PARNAMIRIM,Falta de atenção,Colisão lateral,Sem Vítimas        ,Pleno dia,Nublado,Dupla   ,Urbano,Automóvel,Ileso       ,28.0,Masculino
1159410,24/08/2012,RN,101,PARNAMIRIM,Falta de atenção,Colisão lateral,Sem Vítimas        ,Pleno dia,Nublado,Dupla   ,Urbano,Motocicletas,Ileso       ,-1.0,Masculino
1159515,24/08/2012,RN,101,PARNAMIRIM,Outras,Colisão lateral,Com Vítimas Feridas,Pleno dia,Sol,Dupla   ,Urbano,Caminhonete,Ileso       ,36.0,Masculino
1159515,24/08/2012,RN,101,PARNAMIRIM,Outras,Colisão lateral,Com Vítimas Feridas,Pleno dia,Sol,Dupla   ,Urbano,Motocicletas,Ferido Leve ,27.0,Masculino
1159651,24/08/2012,RN,101,NATAL,Falta de atenção,Colisão lateral,Com Vítimas Feridas,Anoitecer,Ceu Claro,Múltipla,Urbano,Caminhonete,Ileso       ,34.0,Masculino
1159651,24/08/2012,RN,101,NATAL,Falta de atenção,Colisão lateral,Com Vítimas Feridas,Anoitecer,Ceu Claro,Múltipla,Urbano,Motocicletas,Ferido Leve ,23.0,Masculino
1159651,24/08/2012,RN,101,NATAL,Falta de atenção,Colisão lateral,Com Vítimas Feridas,Anoitecer,Ceu Claro,Múltipla,Urbano,Motocicletas,Ileso       ,30.0,Feminino
1159695,24/08/2012,RN,405,FELIPE GUERRA,Outras,Capotamento,Com Vítimas Feridas,Plena noite,Ceu Claro,Simples ,Rural ,Automóvel,Ferido Grave,55.0,Masculino
1159718,24/08/2012,RN,304,MACAIBA,Outras,Capotamento,Com Vítimas Feridas,Pleno dia,Ceu Claro,Dupla   ,Rural ,Automóvel,Ileso       ,30.0,Masculino
1159718,24/08/2012,RN,304,MACAIBA,Outras,Capotamento,Com Vítimas Feridas,Pleno dia,Ceu Claro,Dupla   ,Rural ,Automóvel,Ferido Grave,34.0,Masculino
1159718,24/08/2012,RN,304,MACAIBA,Outras,Capotamento,Com Vítimas Feridas,Pleno dia,Ceu Claro,Dupla   ,Rural ,Automóvel,Ferido Leve ,43.0,Feminino
1159728,22/08/2012,RN,405,JOSE DA PENHA,Outras,Atropelamento de pessoa,Com Vítimas Fatais ,Pleno dia,Sol,Simples ,Urbano,Caminhão,Ileso       ,45.0,Masculino
1159728,22/08/2012,RN,405,JOSE DA PENHA,Outras,Atropelamento de pessoa,Com Vítimas Fatais ,Pleno dia,Sol,Simples ,Urbano,(null),Morto       ,4.0,Feminino
1159728,22/08/2012,RN,405,JOSE DA PENHA,Outras,Atropelamento de pessoa,Com Vítimas Fatais ,Pleno dia,Sol,Simples ,Urbano,(null),Morto       ,20.0,Feminino
1159854,21/08/2012,RN,304,CAICARA DO RIO DO VENTO,Ultrapassagem indevida,Colisão frontal,Com Vítimas Feridas,Pleno dia,Ceu Claro,Simples ,Rural ,Caminhonete,Ileso       ,33.0,Masculino
1159854,21/08/2012,RN,304,CAICARA DO RIO DO VENTO,Ultrapassagem indevida,Colisão frontal,Com Vítimas Feridas,Pleno dia,Ceu Claro,Simples ,Rural ,Motocicletas,Ferido Grave,30.0,Masculino
1159897,25/08/2012,RN,405,MOSSORO,Ingestão de álcool,Colisão frontal,Com Vítimas Feridas,Anoitecer,Ceu Claro,Simples ,Urbano,Motocicletas,Ferido Grave,41.0,Masculino
1159897,25/08/2012,RN,405,MOSSORO,Ingestão de álcool,Colisão frontal,Com Vítimas Feridas,Anoitecer,Ceu Claro,Simples ,Urbano,Motocicletas,Ferido Grave,38.0,Feminino
1159897,25/08/2012,RN,405,MOSSORO,Ingestão de álcool,Colisão frontal,Com Vítimas Feridas,Anoitecer,Ceu Claro,Simples ,Urbano,Não identificado,Ileso       ,-1.0,Inválido
1159939,25/08/2012,RN,304,LAJES,Não guardar distância de segurança,Colisão lateral,Com Vítimas Feridas,Anoitecer,Ignorada,Simples ,Rural ,Caminhão-Trator,Ileso       ,30.0,Masculino
1159939,25/08/2012,RN,304,LAJES,Não guardar distância de segurança,Colisão lateral,Com Vítimas Feridas,Anoitecer,Ignorada,Simples ,Rural ,Automóvel,Ferido Grave,53.0,Masculino
1160007,25/08/2012,RN,304,MOSSORO,Outras,Colisão com objeto móvel,Com Vítimas Feridas,Plena noite,Ceu Claro,Múltipla,Urbano,Motocicletas,Ferido Leve ,46.0,Masculino
1160007,25/08/2012,RN,304,MOSSORO,Outras,Colisão com objeto móvel,Com Vítimas Feridas,Plena noite,Ceu Claro,Múltipla,Urbano,Bicicleta,Ferido Leve ,46.0,Masculino
1160144,26/08/2012,RN,226,NATAL,Desobediência à sinalização,Colisão frontal,Com Vítimas Feridas,Pleno dia,Ceu Claro,Simples ,Urbano,Automóvel,Ileso       ,47.0,Masculino
1160144,26/08/2012,RN,226,NATAL,Desobediência à sinalização,Colisão frontal,Com Vítimas Feridas,Pleno dia,Ceu Claro,Simples ,Urbano,Motoneta,Ferido Grave,-1.0,Masculino
1160201,23/08/2012,RN,101,NATAL,Não guardar distância de segurança,Colisão traseira,Sem Vítimas        ,Pleno dia,Sol,Múltipla,Urbano,Caminhonete,Ileso       ,33.0,Masculino
1160201,23/08/2012,RN,101,NATAL,Não guardar distância de segurança,Colisão traseira,Sem Vítimas        ,Pleno dia,Sol,Múltipla,Urbano,Camioneta,Ileso       ,32.0,Feminino
1160202,26/08/2012,RN,226,NATAL,Falta de atenção,Colisão lateral,Sem Vítimas        ,Plena noite,Vento,Simples ,Rural ,Camioneta,Ileso       ,23.0,Masculino
1160202,26/08/2012,RN,226,NATAL,Falta de atenção,Colisão lateral,Sem Vítimas        ,Plena noite,Vento,Simples ,Rural ,Automóvel,Ileso       ,46.0,Masculino
1160236,26/08/2012,RN,304,MACAIBA,Falta de atenção,Colisão traseira,Com Vítimas Feridas,Plena noite,Ceu Claro,Dupla   ,Urbano,Motocicletas,Ferido Grave,32.0,Masculino
1160236,26/08/2012,RN,304,MACAIBA,Falta de atenção,Colisão traseira,Com Vítimas Feridas,Plena noite,Ceu Claro,Dupla   ,Urbano,Automóvel,Ileso       ,-1.0,Inválido
1160236,26/08/2012,RN,304,MACAIBA,Falta de atenção,Colisão traseira,Com Vítimas Feridas,Plena noite,Ceu Claro,Dupla   ,Urbano,Automóvel,Ferido Leve ,-1.0,Masculino
1160236,26/08/2012,RN,304,MACAIBA,Falta de atenção,Colisão traseira,Com Vítimas Feridas,Plena noite,Ceu Claro,Dupla   ,Urbano,Automóvel,Ileso       ,30.0,Masculino
1160253,26/08/2012,RN,304,ASSU,Falta de atenção,Colisão Transversal,Com Vítimas Feridas,Pleno dia,Ceu Claro,Simples ,Urbano,Automóvel,Ileso       ,26.0,Masculino
1160253,26/08/2012,RN,304,ASSU,Falta de atenção,Colisão Transversal,Com Vítimas Feridas,Pleno dia,Ceu Claro,Simples ,Urbano,Automóvel,Ileso       ,15.0,Masculino
1160253,26/08/2012,RN,304,ASSU,Falta de atenção,Colisão Transversal,Com Vítimas Feridas,Pleno dia,Ceu Claro,Simples ,Urbano,Automóvel,Ferido Leve ,-1.0,Feminino
1160253,26/08/2012,RN,304,ASSU,Falta de atenção,Colisão Transversal,Com Vítimas Feridas,Pleno dia,Ceu Claro,Simples ,Urbano,Automóvel,Ferido Leve ,-1.0,Masculino
1160263,04/08/2012,RN,101,PARNAMIRIM,Falta de atenção,Colisão lateral,Sem Vítimas        ,Plena noite,Ceu Claro,Dupla   ,Urbano,Automóvel,Ileso       ,-1.0,Masculino
1160263,04/08/2012,RN,101,PARNAMIRIM,Falta de atenção,Colisão lateral,Sem Vítimas        ,Plena noite,Ceu Claro,Dupla   ,Urbano,Automóvel,Ileso       ,-1.0,Masculino
1160278,26/08/2012,RN,110,AREIA BRANCA,Não guardar distância de segurança,Colisão traseira,Com Vítimas Feridas,Plena noite,Ceu Claro,Simples ,Rural ,Motocicletas,Ferido Leve ,54.0,Masculino
1160278,26/08/2012,RN,110,AREIA BRANCA,Não guardar distância de segurança,Colisão traseira,Com Vítimas Feridas,Plena noite,Ceu Claro,Simples ,Rural ,Motocicletas,Ferido Grave,37.0,Feminino
1160278,26/08/2012,RN,110,AREIA BRANCA,Não guardar distância de segurança,Colisão traseira,Com Vítimas Feridas,Plena noite,Ceu Claro,Simples ,Rural ,Motocicletas,Ferido Grave,-1.0,Feminino
1160278,26/08/2012,RN,110,AREIA BRANCA,Não guardar distância de segurança,Colisão traseira,Com Vítimas Feridas,Plena noite,Ceu Claro,Simples ,Rural ,Automóvel,Ileso       ,-1.0,Inválido
1160290,26/08/2012,RN,226,TANGARA,Outras,Colisão frontal,Com Vítimas Fatais ,Plena noite,Vento,Simples ,Rural ,Motocicletas,Morto       ,29.0,Masculino
1160290,26/08/2012,RN,226,TANGARA,Outras,Colisão frontal,Com Vítimas Fatais ,Plena noite,Vento,Simples ,Rural ,Caminhão,Ileso       ,-1.0,Masculino
1160360,19/08/2012,RN,304,SANTA MARIA,Velocidade incompatível,Saída de Pista,Com Vítimas Feridas,Pleno dia,Ceu Claro,Simples ,Rural ,Camioneta,Ferido Grave,58.0,Masculino
1160360,19/08/2012,RN,304,SANTA MARIA,Velocidade incompatível,Saída de Pista,Com Vítimas Feridas,Pleno dia,Ceu Claro,Simples ,Rural ,Camioneta,Ferido Grave,43.0,Feminino
1160420,23/08/2012,RN,101,NATAL,Não guardar distância de segurança,Colisão lateral,Com Vítimas Feridas,Pleno dia,Ceu Claro,Dupla   ,Urbano,Caminhonete,Ileso       ,49.0,Masculino
1160420,23/08/2012,RN,101,NATAL,Não guardar distância de segurança,Colisão lateral,Com Vítimas Feridas,Pleno dia,Ceu Claro,Dupla   ,Urbano,Motocicletas,Ferido Leve ,36.0,Masculino
1160474,24/08/2012,RN,405,MOSSORO,Animais na Pista,Capotamento,Com Vítimas Feridas,Plena noite,Ceu Claro,Simples ,Rural ,Automóvel,Ileso       ,48.0,Masculino
1160474,24/08/2012,RN,405,MOSSORO,Animais na Pista,Capotamento,Com Vítimas Feridas,Plena noite,Ceu Claro,Simples ,Rural ,Automóvel,Ferido Leve ,20.0,Masculino
1160474,24/08/2012,RN,405,MOSSORO,Animais na Pista,Capotamento,Com Vítimas Feridas,Plena noite,Ceu Claro,Simples ,Rural ,Automóvel,Ferido Grave,46.0,Masculino
1160474,24/08/2012,RN,405,MOSSORO,Animais na Pista,Capotamento,Com Vítimas Feridas,Plena noite,Ceu Claro,Simples ,Rural ,Automóvel,Ferido Grave,-1.0,Masculino
1160502,23/08/2012,RN,101,PARNAMIRIM,Não guardar distância de segurança,Colisão Transversal,Sem Vítimas        ,Pleno dia,Ceu Claro,Dupla   ,Urbano,Ônibus,Ileso       ,52.0,Masculino
1160502,23/08/2012,RN,101,PARNAMIRIM,Não guardar distância de segurança,Colisão Transversal,Sem Vítimas        ,Pleno dia,Ceu Claro,Dupla   ,Urbano,Microônibus,Ileso       ,27.0,Masculino
1160523,24/08/2012,RN,304,MACAIBA,Outras,Queda de motocicleta / bicicleta / veículo,Com Vítimas Feridas,Pleno dia,Ceu Claro,Dupla   ,Urbano,Motoneta,Ferido Leve ,24.0,Feminino
1160565,27/08/2012,RN,110,AREIA BRANCA,Falta de atenção,Colisão Transversal,Com Vítimas Feridas,Pleno dia,Sol,Simples ,Rural ,Microônibus,Ferido Grave,25.0,Masculino
1160565,27/08/2012,RN,110,AREIA BRANCA,Falta de atenção,Colisão Transversal,Com Vítimas Feridas,Pleno dia,Sol,Simples ,Rural ,Automóvel,Ileso       ,20.0,Masculino
1160565,27/08/2012,RN,110,AREIA BRANCA,Falta de atenção,Colisão Transversal,Com Vítimas Feridas,Pleno dia,Sol,Simples ,Rural ,Caminhão-Trator,Ileso       ,29.0,Masculino
1160593,27/08/2012,RN,101,NATAL,Ultrapassagem indevida,Colisão lateral,Com Vítimas Feridas,Plena noite,Ceu Claro,Dupla   ,Urbano,Motocicletas,Ferido Leve ,27.0,Masculino
1160593,27/08/2012,RN,101,NATAL,Ultrapassagem indevida,Colisão lateral,Com Vítimas Feridas,Plena noite,Ceu Claro,Dupla   ,Urbano,Motocicletas,Ferido Leve ,-1.0,Feminino
1160593,27/08/2012,RN,101,NATAL,Ultrapassagem indevida,Colisão lateral,Com Vítimas Feridas,Plena noite,Ceu Claro,Dupla   ,Urbano,Motocicletas,Ignorado    ,-1.0,Masculino
1160678,27/08/2012,RN,304,ASSU,Outras,Colisão lateral,Com Vítimas Feridas,Amanhecer,Ceu Claro,Simples ,Rural ,Motoneta,Ferido Grave,-1.0,Masculino
1160678,27/08/2012,RN,304,ASSU,Outras,Colisão lateral,Com Vítimas Feridas,Amanhecer,Ceu Claro,Simples ,Rural ,Caminhão,Ignorado    ,-1.0,Inválido
1160681,23/08/2012,RN,304,MOSSORO,Outras,Colisão Transversal,Sem Vítimas        ,Pleno dia,Ceu Claro,Simples ,Urbano,Caminhão,Ileso       ,42.0,Masculino
1160681,23/08/2012,RN,304,MOSSORO,Outras,Colisão Transversal,Sem Vítimas        ,Pleno dia,Ceu Claro,Simples ,Urbano,Automóvel,Ileso       ,27.0,Masculino
1160681,23/08/2012,RN,304,MOSSORO,Outras,Colisão Transversal,Sem Vítimas        ,Pleno dia,Ceu Claro,Simples ,Urbano,Automóvel,Ileso       ,46.0,Masculino
1160683,19/08/2012,RN,405,APODI,Falta de atenção,Colisão traseira,Ignorado           ,Pleno dia,Ceu Claro,Dupla   ,Urbano,Motocicletas,Ignorado    ,-1.0,Masculino
1160683,19/08/2012,RN,405,APODI,Falta de atenção,Colisão traseira,Ignorado           ,Pleno dia,Ceu Claro,Dupla   ,Urbano,Não identificado,Ignorado    ,-1.0,Inválido
1160884,14/08/2012,RN,101,NATAL,Defeito mecânico em veículo,Colisão traseira,Sem Vítimas        ,Pleno dia,Sol,Dupla   ,Urbano,Automóvel,Ileso       ,43.0,Masculino
1160884,14/08/2012,RN,101,NATAL,Defeito mecânico em veículo,Colisão traseira,Sem Vítimas        ,Pleno dia,Sol,Dupla   ,Urbano,Camioneta,Ileso       ,29.0,Masculino
1161008,28/08/2012,RN,101,NATAL,Falta de atenção,Colisão traseira,Com Vítimas Feridas,Pleno dia,Ceu Claro,Dupla   ,Urbano,Motocicletas,Ferido Grave,42.0,Masculino
1161008,28/08/2012,RN,101,NATAL,Falta de atenção,Colisão traseira,Com Vítimas Feridas,Pleno dia,Ceu Claro,Dupla   ,Urbano,Automóvel,Ileso       ,55.0,Masculino
1161186,21/08/2012,RN,304,NATAL,Falta de atenção,Colisão com objeto fixo,Sem Vítimas        ,Plena noite,Ceu Claro,Dupla   ,Rural ,Caminhão-Trator,Ileso       ,58.0,Masculino
1161188,26/08/2012,RN,101,SAO JOSE DE MIPIBU,Outras,Capotamento,Com Vítimas Feridas,Plena noite,Ceu Claro,Dupla   ,Urbano,Automóvel,Ignorado    ,-1.0,Masculino
1161188,26/08/2012,RN,101,SAO JOSE DE MIPIBU,Outras,Capotamento,Com Vítimas Feridas,Plena noite,Ceu Claro,Dupla   ,Urbano,Automóvel,Ferido Leve ,-1.0,Feminino
1161188,26/08/2012,RN,101,SAO JOSE DE MIPIBU,Outras,Capotamento,Com Vítimas Feridas,Plena noite,Ceu Claro,Dupla   ,Urbano,Automóvel,Ferido Leve ,-1.0,Feminino
1161188,26/08/2012,RN,101,SAO JOSE DE MIPIBU,Outras,Capotamento,Com Vítimas Feridas,Plena noite,Ceu Claro,Dupla   ,Urbano,Automóvel,Ferido Grave,-1.0,Masculino
1161188,26/08/2012,RN,101,SAO JOSE DE MIPIBU,Outras,Capotamento,Com Vítimas Feridas,Plena noite,Ceu Claro,Dupla   ,Urbano,Automóvel,Ferido Leve ,25.0,Masculino
1161318,30/08/2012,RN,226,NATAL,Desobediência à sinalização,Colisão Transversal,Sem Vítimas        ,Pleno dia,Ceu Claro,Simples ,Urbano,Automóvel,Ileso       ,32.0,Masculino
1161318,30/08/2012,RN,226,NATAL,Desobediência à sinalização,Colisão Transversal,Sem Vítimas        ,Pleno dia,Ceu Claro,Simples ,Urbano,Motocicletas,Ileso       ,19.0,Masculino
1161333,30/08/2012,RN,101,NATAL,Outras,Colisão lateral,Sem Vítimas        ,Pleno dia,Sol,Dupla   ,Urbano,Automóvel,Ileso       ,33.0,Masculino
1161333,30/08/2012,RN,101,NATAL,Outras,Colisão lateral,Sem Vítimas        ,Pleno dia,Sol,Dupla   ,Urbano,Caminhão-Trator,Ileso       ,38.0,Masculino
1161354,30/08/2012,RN,101,PARNAMIRIM,Defeito mecânico em veículo,Colisão traseira,Com Vítimas Feridas,Pleno dia,Ceu Claro,Dupla   ,Urbano,Automóvel,Ileso       ,44.0,Masculino
1161354,30/08/2012,RN,101,PARNAMIRIM,Defeito mecânico em veículo,Colisão traseira,Com Vítimas Feridas,Pleno dia,Ceu Claro,Dupla   ,Urbano,Motocicletas,Ferido Leve ,21.0,Masculino
1161354,30/08/2012,RN,101,PARNAMIRIM,Defeito mecânico em veículo,Colisão traseira,Com Vítimas Feridas,Pleno dia,Ceu Claro,Dupla   ,Urbano,Motocicletas,Ferido Leve ,19.0,Feminino
1161382,30/08/2012,RN,427,CAICO,Falta de atenção,Colisão lateral,Com Vítimas Feridas,Pleno dia,Ceu Claro,Simples ,Urbano,Motocicletas,Ferido Leve ,-1.0,Masculino
1161382,30/08/2012,RN,427,CAICO,Falta de atenção,Colisão lateral,Com Vítimas Feridas,Pleno dia,Ceu Claro,Simples ,Urbano,Motocicletas,Ferido Leve ,-1.0,Feminino
1161382,30/08/2012,RN,427,CAICO,Falta de atenção,Colisão lateral,Com Vítimas Feridas,Pleno dia,Ceu Claro,Simples ,Urbano,Motocicletas,Ignorado    ,-1.0,Inválido
1161418,30/08/2012,RN,101,NATAL,Falta de atenção,Colisão lateral,Sem Vítimas        ,Pleno dia,Ceu Claro,Dupla   ,Urbano,Automóvel,Ileso       ,49.0,Masculino
1161418,30/08/2012,RN,101,NATAL,Falta de atenção,Colisão lateral,Sem Vítimas        ,Pleno dia,Ceu Claro,Dupla   ,Urbano,Caminhão-Trator,Ileso       ,40.0,Masculino
1161439,22/08/2012,RN,101,CANGUARETAMA,Falta de atenção,Colisão lateral,Sem Vítimas        ,Pleno dia,Sol,Dupla   ,Urbano,Camioneta,Ileso       ,46.0,Masculino
1161439,22/08/2012,RN,101,CANGUARETAMA,Falta de atenção,Colisão lateral,Sem Vítimas        ,Pleno dia,Sol,Dupla   ,Urbano,Ônibus,Ileso       ,63.0,Masculino
1161463,24/08/2012,RN,101,PARNAMIRIM,Desobediência à sinalização,Colisão Transversal,Sem Vítimas        ,Pleno dia,Sol,Dupla   ,Urbano,Automóvel,Ileso       ,39.0,Masculino
1161463,24/08/2012,RN,101,PARNAMIRIM,Desobediência à sinalização,Colisão Transversal,Sem Vítimas        ,Pleno dia,Sol,Dupla   ,Urbano,Automóvel,Ileso       ,44.0,Masculino
1161503,30/08/2012,RN,406,CEARA-MIRIM,Outras,Colisão traseira,Sem Vítimas        ,Pleno dia,Ceu Claro,Simples ,Urbano,Caminhonete,Ileso       ,34.0,Masculino
1161503,30/08/2012,RN,406,CEARA-MIRIM,Outras,Colisão traseira,Sem Vítimas        ,Pleno dia,Ceu Claro,Simples ,Urbano,Caminhonete,Ileso       ,34.0,Masculino
1161503,30/08/2012,RN,406,CEARA-MIRIM,Outras,Colisão traseira,Sem Vítimas        ,Pleno dia,Ceu Claro,Simples ,Urbano,Automóvel,Ignorado    ,-1.0,Inválido
1161559,30/08/2012,RN,304,MOSSORO,Outras,Atropelamento de pessoa,Com Vítimas Feridas,Plena noite,Ceu Claro,Simples ,Urbano,Motocicletas,Ferido Leve ,44.0,Masculino
1161559,30/08/2012,RN,304,MOSSORO,Outras,Atropelamento de pessoa,Com Vítimas Feridas,Plena noite,Ceu Claro,Simples ,Urbano,(null),Ferido Grave,33.0,Masculino
1161564,30/08/2012,RN,304,MOSSORO,Falta de atenção,Colisão Transversal,Com Vítimas Feridas,Plena noite,Ceu Claro,Simples ,Urbano,Motoneta,Ferido Grave,37.0,Masculino
1161564,30/08/2012,RN,304,MOSSORO,Falta de atenção,Colisão Transversal,Com Vítimas Feridas,Plena noite,Ceu Claro,Simples ,Urbano,Automóvel,Ileso       ,27.0,Masculino
1161584,14/08/2012,RN,226,TANGARA,Ultrapassagem indevida,Colisão lateral,Com Vítimas Feridas,Pleno dia,Ceu Claro,Simples ,Rural ,Motocicletas,Ferido Leve ,26.0,Masculino
1161584,14/08/2012,RN,226,TANGARA,Ultrapassagem indevida,Colisão lateral,Com Vítimas Feridas,Pleno dia,Ceu Claro,Simples ,Rural ,Motocicletas,Ferido Leve ,37.0,Feminino
1161584,14/08/2012,RN,226,TANGARA,Ultrapassagem indevida,Colisão lateral,Com Vítimas Feridas,Pleno dia,Ceu Claro,Simples ,Rural ,Automóvel,Ileso       ,-1.0,Inválido
1161596,30/08/2012,RN,101,PARNAMIRIM,Outras,Colisão traseira,Sem Vítimas        ,Plena noite,Ceu Claro,Dupla   ,Urbano,Automóvel,Ileso       ,38.0,Masculino
1161596,30/08/2012,RN,101,PARNAMIRIM,Outras,Colisão traseira,Sem Vítimas        ,Plena noite,Ceu Claro,Dupla   ,Urbano,Automóvel,Ileso       ,27.0,Masculino
1161596,30/08/2012,RN,101,PARNAMIRIM,Outras,Colisão traseira,Sem Vítimas        ,Plena noite,Ceu Claro,Dupla   ,Urbano,Automóvel,Ileso       ,27.0,Masculino
1161677,23/08/2012,RN,101,NATAL,Falta de atenção,Colisão lateral,Sem Vítimas        ,Pleno dia,Ceu Claro,Múltipla,Urbano,Caminhão,Ileso       ,59.0,Masculino
1161677,23/08/2012,RN,101,NATAL,Falta de atenção,Colisão lateral,Sem Vítimas        ,Pleno dia,Ceu Claro,Múltipla,Urbano,Automóvel,Ileso       ,19.0,Masculino
1161705,23/08/2012,RN,101,NATAL,Falta de atenção,Colisão traseira,Sem Vítimas        ,Pleno dia,Ceu Claro,Dupla   ,Urbano,Automóvel,Ileso       ,36.0,Masculino
1161705,23/08/2012,RN,101,NATAL,Falta de atenção,Colisão traseira,Sem Vítimas        ,Pleno dia,Ceu Claro,Dupla   ,Urbano,Automóvel,Ileso       ,21.0,Feminino
1161709,23/08/2012,RN,101,GOIANINHA,Animais na Pista,Atropelamento de animal,Sem Vítimas        ,Plena noite,Nublado,Dupla   ,Rural ,Automóvel,Ileso       ,26.0,Masculino
1161713,23/08/2012,RN,101,SAO GONCALO DO AMARANTE,Falta de atenção,Colisão traseira,Sem Vítimas        ,Pleno dia,Ceu Claro,Dupla   ,Urbano,Automóvel,Ileso       ,56.0,Masculino
1161713,23/08/2012,RN,101,SAO GONCALO DO AMARANTE,Falta de atenção,Colisão traseira,Sem Vítimas        ,Pleno dia,Ceu Claro,Dupla   ,Urbano,Automóvel,Ileso       ,20.0,Masculino
1161718,29/08/2012,RN,101,PARNAMIRIM,Falta de atenção,Colisão Transversal,Sem Vítimas        ,Pleno dia,Vento,Dupla   ,Urbano,Ônibus,Ileso       ,25.0,Masculino
1161718,29/08/2012,RN,101,PARNAMIRIM,Falta de atenção,Colisão Transversal,Sem Vítimas        ,Pleno dia,Vento,Dupla   ,Urbano,Microônibus,Ileso       ,27.0,Masculino
1161721,23/08/2012,RN,101,NATAL,Não guardar distância de segurança,Colisão traseira,Sem Vítimas        ,Plena noite,Ceu Claro,Dupla   ,Urbano,Automóvel,Ileso       ,23.0,Masculino
1161721,23/08/2012,RN,101,NATAL,Não guardar distância de segurança,Colisão traseira,Sem Vítimas        ,Plena noite,Ceu Claro,Dupla   ,Urbano,Automóvel,Ileso       ,-1.0,Masculino
1161730,31/08/2012,RN,101,PARNAMIRIM,Outras,Colisão traseira,Sem Vítimas        ,Pleno dia,Nublado,Dupla   ,Urbano,Automóvel,Ileso       ,36.0,Masculino
1161730,31/08/2012,RN,101,PARNAMIRIM,Outras,Colisão traseira,Sem Vítimas        ,Pleno dia,Nublado,Dupla   ,Urbano,Automóvel,Ileso       ,19.0,Masculino
1161775,28/08/2012,RN,101,SAO JOSE DE MIPIBU,Animais na Pista,Atropelamento de animal,Ignorado           ,Plena noite,Nublado,Dupla   ,Rural ,Camioneta,Ignorado    ,-1.0,Inválido