id,data_inversa,uf,br,municipio,causa_acidente,tipo_acidente,classificacao_acidente,fase_dia,condicao_metereologica,tipo_pista,uso_solo,tipo_veiculo,estado_fisico,idade,sexo
1170644,16/09/2012,RN,101,PARNAMIRIM,Não guardar distância de segurança,Colisão traseira,Sem Vítimas        ,Plena noite,Ceu Claro,Dupla   ,Urbano,Automóvel,Ileso       ,48.0,Feminino
1170644,16/09/2012,RN,101,PARNAMIRIM,Não guardar distância de segurança,Colisão traseira,Sem Vítimas        ,Plena noite,Ceu Claro,Dupla   ,Urbano,Automóvel,Ileso       ,56.0,Masculino
1170645,16/09/2012,RN,101,PARNAMIRIM,Falta de atenção,Colisão Transversal,Com Vítimas Feridas,Pleno dia,Nublado,Dupla   ,Urbano,Motocicletas,Ferido Grave,44.0,Masculino
1170645,16/09/2012,RN,101,PARNAMIRIM,Falta de atenção,Colisão Transversal,Com Vítimas Feridas,Pleno dia,Nublado,Dupla   ,Urbano,Automóvel,Ileso       ,34.0,Masculino
1170647,16/09/2012,RN,101,NATAL,Falta de atenção,Colisão traseira,Sem Vítimas        ,Plena noite,Nublado,Dupla   ,Urbano,Automóvel,Ileso       ,23.0,Feminino
1170647,16/09/2012,RN,101,NATAL,Falta de atenção,Colisão traseira,Sem Vítimas        ,Plena noite,Nublado,Dupla   ,Urbano,Automóvel,Ileso       ,30.0,Feminino
1170732,16/09/2012,RN,101,PARNAMIRIM,Ingestão de álcool,Queda de motocicleta / bicicleta / veículo,Com Vítimas Feridas,Plena noite,Ceu Claro,Múltipla,Urbano,Motoneta,Ferido Grave,21.0,Masculino
1170732,16/09/2012,RN,101,PARNAMIRIM,Ingestão de álcool,Queda de motocicleta / bicicleta / veículo,Com Vítimas Feridas,Plena noite,Ceu Claro,Múltipla,Urbano,Motoneta,Ferido Grave,31.0,Masculino
1170828,17/09/2012,RN,101,NATAL,Falta de atenção,Colisão traseira,Sem Vítimas        ,Pleno dia,Nevoeiro/neblina,Dupla   ,Urbano,Automóvel,Ileso       ,52.0,Masculino
1170828,17/09/2012,RN,101,NATAL,Falta de atenção,Colisão traseira,Sem Vítimas        ,Pleno dia,Nevoeiro/neblina,Dupla   ,Urbano,Camioneta,Ileso       ,35.0,Masculino
1170894,17/09/2012,RN,226,NATAL,Não guardar distância de segurança,Colisão traseira,Sem Vítimas        ,Pleno dia,Chuva,Dupla   ,Urbano,Automóvel,Ileso       ,28.0,Masculino
1170894,17/09/2012,RN,226,NATAL,Não guardar distância de segurança,Colisão traseira,Sem Vítimas        ,Pleno dia,Chuva,Dupla   ,Urbano,Motocicletas,Ileso       ,24.0,Masculino
1170963,17/09/2012,RN,101,PARNAMIRIM,Não guardar distância de segurança,Colisão traseira,Sem Vítimas        ,Pleno dia,Chuva,Dupla   ,Urbano,Automóvel,Ileso       ,-1.0,Masculino
1170963,17/09/2012,RN,101,PARNAMIRIM,Não guardar distância de segurança,Colisão traseira,Sem Vítimas        ,Pleno dia,Chuva,Dupla   ,Urbano,Automóvel,Ileso       ,27.0,Masculino
1170981,17/09/2012,RN,101,NATAL,Falta de atenção,Colisão traseira,Sem Vítimas        ,Pleno dia,Nublado,Múltipla,Urbano,Automóvel,Ileso       ,42.0,Feminino
1170981,17/09/2012,RN,101,NATAL,Falta de atenção,Colisão traseira,Sem Vítimas        ,Pleno dia,Nublado,Múltipla,Urbano,Automóvel,Ileso       ,39.0,Masculino
1170981,17/09/2012,RN,101,NATAL,Falta de atenção,Colisão traseira,Sem Vítimas        ,Pleno dia,Nublado,Múltipla,Urbano,Automóvel,Ileso       ,24.0,Feminino
1170986,17/09/2012,RN,101,NATAL,Não guardar distância de segurança,Colisão lateral,Sem Vítimas        ,Pleno dia,Nublado,Simples ,Urbano,Automóvel,Ileso       ,28.0,Masculino
1170986,17/09/2012,RN,101,NATAL,Não guardar distância de segurança,Colisão lateral,Sem Vítimas        ,Pleno dia,Nublado,Simples ,Urbano,Ônibus,Ileso       ,49.0,Masculino
1170998,17/09/2012,RN,101,NATAL,Outras,Colisão Transversal,Sem Vítimas        ,Pleno dia,Sol,Múltipla,Urbano,Ônibus,Ileso       ,28.0,Masculino
1170998,17/09/2012,RN,101,NATAL,Outras,Colisão Transversal,Sem Vítimas        ,Pleno dia,Sol,Múltipla,Urbano,Automóvel,Ileso       ,28.0,Masculino
1171011,17/09/2012,RN,101,SAO JOSE DE MIPIBU,Outras,Colisão traseira,Sem Vítimas        ,Pleno dia,Chuva,Dupla   ,Rural ,Automóvel,Ileso       ,35.0,Masculino
1171011,17/09/2012,RN,101,SAO JOSE DE MIPIBU,Outras,Colisão traseira,Sem Vítimas        ,Pleno dia,Chuva,Dupla   ,Rural ,Automóvel,Ileso       ,23.0,Feminino
1171019,15/09/2012,RN,304,MOSSORO,Desobediência à sinalização,Colisão lateral,Com Vítimas Feridas,Plena noite,Ceu Claro,Dupla   ,Urbano,Automóvel,Ileso       ,31.0,Masculino
1171019,15/09/2012,RN,304,MOSSORO,Desobediência à sinalização,Colisão lateral,Com Vítimas Feridas,Plena noite,Ceu Claro,Dupla   ,Urbano,Motoneta,Ferido Leve ,23.0,Masculino
1171108,17/09/2012,RN,101,PARNAMIRIM,Outras,Colisão traseira,Sem Vítimas        ,Pleno dia,Chuva,Dupla   ,Urbano,Ônibus,Ileso       ,31.0,Masculino
1171108,17/09/2012,RN,101,PARNAMIRIM,Outras,Colisão traseira,Sem Vítimas        ,Pleno dia,Chuva,Dupla   ,Urbano,Camioneta,Ileso       ,35.0,Masculino
1171119,17/09/2012,RN,304,MOSSORO,Falta de atenção,Colisão lateral,Sem Vítimas        ,Pleno dia,Ceu Claro,Dupla   ,Urbano,Automóvel,Ileso       ,31.0,Masculino
1171119,17/09/2012,RN,304,MOSSORO,Falta de atenção,Colisão lateral,Sem Vítimas        ,Pleno dia,Ceu Claro,Dupla   ,Urbano,Trator de rodas,Ileso       ,50.0,Masculino
1171136,17/09/2012,RN,101,NATAL,Outras,Colisão Transversal,Sem Vítimas        ,Plena noite,Nublado,Múltipla,Urbano,Automóvel,Ileso       ,48.0,Masculino
1171136,17/09/2012,RN,101,NATAL,Outras,Colisão Transversal,Sem Vítimas        ,Plena noite,Nublado,Múltipla,Urbano,Automóvel,Ileso       ,54.0,Feminino
1171286,15/09/2012,RN,101,SAO JOSE DE MIPIBU,Desobediência à sinalização,Colisão frontal,Com Vítimas Fatais ,Plena noite,Ceu Claro,Dupla   ,Urbano,Automóvel,Ileso       ,35.0,Masculino
1171286,15/09/2012,RN,101,SAO JOSE DE MIPIBU,Desobediência à sinalização,Colisão frontal,Com Vítimas Fatais ,Plena noite,Ceu Claro,Dupla   ,Urbano,Automóvel,Ferido Leve ,26.0,Feminino
1171286,15/09/2012,RN,101,SAO JOSE DE MIPIBU,Desobediência à sinalização,Colisão frontal,Com Vítimas Fatais ,Plena noite,Ceu Claro,Dupla   ,Urbano,Bicicleta,Morto       ,29.0,Masculino
1171320,18/09/2012,RN,304,MOSSORO,Falta de atenção,Colisão com bicicleta,Com Vítimas Feridas,Pleno dia,Sol,Dupla   ,Urbano,Bicicleta,Ferido Leve ,76.0,Masculino
1171320,18/09/2012,RN,304,MOSSORO,Falta de atenção,Colisão com bicicleta,Com Vítimas Feridas,Pleno dia,Sol,Dupla   ,Urbano,Automóvel,Ignorado    ,-1.0,Inválido
1171544,18/09/2012,RN,304,MOSSORO,Falta de atenção,Colisão traseira,Com Vítimas Feridas,Pleno dia,Sol,Múltipla,Urbano,Automóvel,Ileso       ,31.0,Masculino
1171544,18/09/2012,RN,304,MOSSORO,Falta de atenção,Colisão traseira,Com Vítimas Feridas,Pleno dia,Sol,Múltipla,Urbano,Motoneta,Ferido Leve ,38.0,Masculino
1171592,16/09/2012,RN,101,PARNAMIRIM,Falta de atenção,Colisão traseira,Sem Vítimas        ,Pleno dia,Ceu Claro,Dupla   ,Urbano,Utilitário,Ileso       ,30.0,Feminino
1171592,16/09/2012,RN,101,PARNAMIRIM,Falta de atenção,Colisão traseira,Sem Vítimas        ,Pleno dia,Ceu Claro,Dupla   ,Urbano,Automóvel,Ileso       ,38.0,Masculino
1171592,16/09/2012,RN,101,PARNAMIRIM,Falta de atenção,Colisão traseira,Sem Vítimas        ,Pleno dia,Ceu Claro,Dupla   ,Urbano,Camioneta,Ileso       ,-1.0,Masculino
1171612,18/09/2012,RN,101,SAO GONCALO DO AMARANTE,Não guardar distância de segurança,Colisão traseira,Sem Vítimas        ,Plena noite,Ceu Claro,Dupla   ,Urbano,Utilitário,Ileso       ,60.0,Masculino
1171612,18/09/2012,RN,101,SAO GONCALO DO AMARANTE,Não guardar distância de segurança,Colisão traseira,Sem Vítimas        ,Plena noite,Ceu Claro,Dupla   ,Urbano,Ônibus,Ileso       ,33.0,Masculino
1171658,06/09/2012,RN,304,MOSSORO,Não guardar distância de segurança,Colisão traseira,Sem Vítimas        ,Anoitecer,Ceu Claro,Simples ,Rural ,Caminhonete,Ileso       ,59.0,Masculino
1171658,06/09/2012,RN,304,MOSSORO,Não guardar distância de segurança,Colisão traseira,Sem Vítimas        ,Anoitecer,Ceu Claro,Simples ,Rural ,Automóvel,Ileso       ,48.0,Masculino
1171658,06/09/2012,RN,304,MOSSORO,Não guardar distância de segurança,Colisão traseira,Sem Vítimas        ,Anoitecer,Ceu Claro,Simples ,Rural ,Automóvel,Ileso       ,27.0,Masculino
1171658,06/09/2012,RN,304,MOSSORO,Não guardar distância de segurança,Colisão traseira,Sem Vítimas        ,Anoitecer,Ceu Claro,Simples ,Rural ,Automóvel,Ileso       ,47.0,Masculino
1171664,18/09/2012,RN,101,NATAL,Falta de atenção,Colisão traseira,Com Vítimas Feridas,Pleno dia,Sol,Múltipla,Urbano,Automóvel,Ileso       ,36.0,Masculino
1171664,18/09/2012,RN,101,NATAL,Falta de atenção,Colisão traseira,Com Vítimas Feridas,Pleno dia,Sol,Múltipla,Urbano,Motocicletas,Ferido Grave,27.0,Masculino
1171664,18/09/2012,RN,101,NATAL,Falta de atenção,Colisão traseira,Com Vítimas Feridas,Pleno dia,Sol,Múltipla,Urbano,Motocicletas,Ferido Leve ,31.0,Feminino
1171707,18/09/2012,RN,101,PARNAMIRIM,Falta de atenção,Colisão traseira,Sem Vítimas        ,Plena noite,Ceu Claro,Dupla   ,Urbano,Microônibus,Ileso       ,33.0,Masculino
1171707,18/09/2012,RN,101,PARNAMIRIM,Falta de atenção,Colisão traseira,Sem Vítimas        ,Plena noite,Ceu Claro,Dupla   ,Urbano,Motocicletas,Ileso       ,30.0,Masculino
1171914,09/08/2012,RN,110,MOSSORO,Não guardar distância de segurança,Colisão traseira,Sem Vítimas        ,Pleno dia,Sol,Dupla   ,Urbano,Automóvel,Ileso       ,40.0,Feminino
1171914,09/08/2012,RN,110,MOSSORO,Não guardar distância de segurança,Colisão traseira,Sem Vítimas        ,Pleno dia,Sol,Dupla   ,Urbano,Caminhão,Ileso       ,32.0,Masculino
1172073,19/09/2012,RN,304,MOSSORO,Falta de atenção,Colisão Transversal,Sem Vítimas        ,Plena noite,Ceu Claro,Simples ,Urbano,Automóvel,Ileso       ,39.0,Masculino
1172073,19/09/2012,RN,304,MOSSORO,Falta de atenção,Colisão Transversal,Sem Vítimas        ,Plena noite,Ceu Claro,Simples ,Urbano,Automóvel,Ileso       ,23.0,Masculino
1172077,19/09/2012,RN,101,NATAL,Outras,Colisão lateral,Com Vítimas Fatais ,Pleno dia,Ceu Claro,Dupla   ,Urbano,Automóvel,Ileso       ,21.0,Feminino
1172077,19/09/2012,RN,101,NATAL,Outras,Colisão lateral,Com Vítimas Fatais ,Pleno dia,Ceu Claro,Dupla   ,Urbano,Automóvel,Ileso       ,66.0,Masculino
1172077,19/09/2012,RN,101,NATAL,Outras,Colisão lateral,Com Vítimas Fatais ,Pleno dia,Ceu Claro,Dupla   ,Urbano,Caminhão,Ileso       ,47.0,Masculino
1172077,19/09/2012,RN,101,NATAL,Outras,Colisão lateral,Com Vítimas Fatais ,Pleno dia,Ceu Claro,Dupla   ,Urbano,(null),Morto       ,51.0,Masculino
1172083,19/09/2012,RN,101,GOIANINHA,Desobediência à sinalização,Colisão frontal,Sem Vítimas        ,Pleno dia,Ceu Claro,Simples ,Urbano,Automóvel,Ileso       ,24.0,Masculino
1172083,19/09/2012,RN,101,GOIANINHA,Desobediência à sinalização,Colisão frontal,Sem Vítimas        ,Pleno dia,Ceu Claro,Simples ,Urbano,Motocicletas,Ileso       ,-1.0,Masculino
1172091,19/09/2012,RN,101,SAO JOSE DE MIPIBU,Falta de atenção,Colisão com bicicleta,Com Vítimas Fatais ,Pleno dia,Ceu Claro,Dupla   ,Urbano,Automóvel,Ileso       ,34.0,Masculino
1172091,19/09/2012,RN,101,SAO JOSE DE MIPIBU,Falta de atenção,Colisão com bicicleta,Com Vítimas Fatais ,Pleno dia,Ceu Claro,Dupla   ,Urbano,Bicicleta,Morto       ,29.0,Masculino
1172092,19/09/2012,RN,101,NATAL,Outras,Colisão Transversal,Com Vítimas Feridas,Anoitecer,Ceu Claro,Dupla   ,Urbano,Automóvel,Ileso       ,41.0,Masculino
1172092,19/09/2012,RN,101,NATAL,Outras,Colisão Transversal,Com Vítimas Feridas,Anoitecer,Ceu Claro,Dupla   ,Urbano,Caminhonete,Ignorado    ,-1.0,Inválido
1172092,19/09/2012,RN,101,NATAL,Outras,Colisão Transversal,Com Vítimas Feridas,Anoitecer,Ceu Claro,Dupla   ,Urbano,Automóvel,Ferido Grave,63.0,Feminino
1172092,19/09/2012,RN,101,NATAL,Outras,Colisão Transversal,Com Vítimas Feridas,Anoitecer,Ceu Claro,Dupla   ,Urbano,Automóvel,Ferido Grave,47.0,Feminino
1172103,19/09/2012,RN,304,MOSSORO,Não guardar distância de segurança,Colisão traseira,Sem Vítimas        ,Pleno dia,Ceu Claro,Simples ,Urbano,Automóvel,Ileso       ,19.0,Feminino
1172103,19/09/2012,RN,304,MOSSORO,Não guardar distância de segurança,Colisão traseira,Sem Vítimas        ,Pleno dia,Ceu Claro,Simples ,Urbano,Automóvel,Ileso       ,43.0,Masculino
1172103,19/09/2012,RN,304,MOSSORO,Não guardar distância de segurança,Colisão traseira,Sem Vítimas        ,Pleno dia,Ceu Claro,Simples ,Urbano,Automóvel,Ileso       ,46.0,Masculino
1172103,19/09/2012,RN,304,MOSSORO,Não guardar distância de segurança,Colisão traseira,Sem Vítimas        ,Pleno dia,Ceu Claro,Simples ,Urbano,Caminhão-Trator,Ileso       ,35.0,Masculino
1172175,20/09/2012,RN,101,PARNAMIRIM,Não guardar distância de segurança,Colisão traseira,Com Vítimas Feridas,Pleno dia,Ceu Claro,Dupla   ,Urbano,Motoneta,Ferido Leve ,24.0,Masculino
1172175,20/09/2012,RN,101,PARNAMIRIM,Não guardar distância de segurança,Colisão traseira,Com Vítimas Feridas,Pleno dia,Ceu Claro,Dupla   ,Urbano,Automóvel,Ileso       ,37.0,Masculino
1172192,17/09/2012,RN,427,ACARI,Dormindo,Capotamento,Sem Vítimas        ,Pleno dia,Ceu Claro,Simples ,Rural ,Automóvel,Ileso       ,34.0,Masculino
1172297,19/09/2012,RN,101,NATAL,Falta de atenção,Colisão traseira,Sem Vítimas        ,Pleno dia,Ceu Claro,Dupla   ,Urbano,Caminhonete,Ileso       ,63.0,Feminino
1172297,19/09/2012,RN,101,NATAL,Falta de atenção,Colisão traseira,Sem Vítimas        ,Pleno dia,Ceu Claro,Dupla   ,Urbano,Automóvel,Ileso       ,54.0,Masculino
1172305,20/09/2012,RN,110,MOSSORO,Desobediência à sinalização,Colisão traseira,Sem Vítimas        ,Pleno dia,Ceu Claro,Simples ,Urbano,Camioneta,Ileso       ,32.0,Masculino
1172305,20/09/2012,RN,110,MOSSORO,Desobediência à sinalização,Colisão traseira,Sem Vítimas        ,Pleno dia,Ceu Claro,Simples ,Urbano,Automóvel,Ileso       ,63.0,Masculino
1172305,20/09/2012,RN,110,MOSSORO,Desobediência à sinalização,Colisão traseira,Sem Vítimas        ,Pleno dia,Ceu Claro,Simples ,Urbano,Caminhonete,Ignorado    ,-1.0,Inválido
1172322,16/09/2012,RN,405,PAU DOS FERROS,Outras,Atropelamento de pessoa,Com Vítimas Feridas,Plena noite,Ceu Claro,Simples ,Urbano,Motocicletas,Ferido Grave,27.0,Masculino
1172322,16/09/2012,RN,405,PAU DOS FERROS,Outras,Atropelamento de pessoa,Com Vítimas Feridas,Plena noite,Ceu Claro,Simples ,Urbano,Motocicletas,Ferido Grave,-1.0,Feminino
1172322,16/09/2012,RN,405,PAU DOS FERROS,Outras,Atropelamento de pessoa,Com Vítimas Feridas,Plena noite,Ceu Claro,Simples ,Urbano,(null),Ferido Grave,-1.0,Masculino
1172419,19/09/2012,RN,101,NATAL,Falta de atenção,Colisão traseira,Sem Vítimas        ,Pleno dia,Ceu Claro,Dupla   ,Urbano,Automóvel,Ileso       ,55.0,Feminino
1172419,19/09/2012,RN,101,NATAL,Falta de atenção,Colisão traseira,Sem Vítimas        ,Pleno dia,Ceu Claro,Dupla   ,Urbano,Utilitário,Ileso       ,43.0,Masculino
1172419,19/09/2012,RN,101,NATAL,Falta de atenção,Colisão traseira,Sem Vítimas        ,Pleno dia,Ceu Claro,Dupla   ,Urbano,Automóvel,Ileso       ,39.0,Feminino
1172431,20/09/2012,RN,101,NATAL,Desobediência à sinalização,Colisão Transversal,Sem Vítimas        ,Pleno dia,Ceu Claro,Múltipla,Urbano,Automóvel,Ileso       ,35.0,Masculino
1172431,20/09/2012,RN,101,NATAL,Desobediência à sinalização,Colisão Transversal,Sem Vítimas        ,Pleno dia,Ceu Claro,Múltipla,Urbano,Automóvel,Ileso       ,20.0,Masculino
1172504,20/09/2012,RN,304,MACAIBA,Falta de atenção,Colisão com objeto fixo,Sem Vítimas        ,Plena noite,Ceu Claro,Dupla   ,Urbano,Automóvel,Ileso       ,53.0,Masculino
1172593,20/09/2012,RN,101,NATAL,Outras,Colisão lateral,Sem Vítimas        ,Plena noite,Ceu Claro,Dupla   ,Urbano,Automóvel,Ileso       ,34.0,Masculino
1172593,20/09/2012,RN,101,NATAL,Outras,Colisão lateral,Sem Vítimas        ,Plena noite,Ceu Claro,Dupla   ,Urbano,Caminhonete,Ileso       ,24.0,Masculino
1172593,20/09/2012,RN,101,NATAL,Outras,Colisão lateral,Sem Vítimas        ,Plena noite,Ceu Claro,Dupla   ,Urbano,Motocicletas,Ileso       ,26.0,Masculino
1172782,14/09/2012,RN,101,NATAL,Não guardar distância de segurança,Colisão traseira,Sem Vítimas        ,Pleno dia,Ceu Claro,Dupla   ,Urbano,Automóvel,Ileso       ,46.0,Masculino
1172782,14/09/2012,RN,101,NATAL,Não guardar distância de segurança,Colisão traseira,Sem Vítimas        ,Pleno dia,Ceu Claro,Dupla   ,Urbano,Automóvel,Ileso       ,43.0,Masculino
1172811,21/09/2012,RN,101,PARNAMIRIM,Falta de atenção,Colisão traseira,Sem Vítimas        ,Pleno dia,Sol,Dupla   ,Urbano,Motocicletas,Ileso       ,25.0,Masculino
1172811,21/09/2012,RN,101,PARNAMIRIM,Falta de atenção,Colisão traseira,Sem Vítimas        ,Pleno dia,Sol,Dupla   ,Urbano,Caminhão,Ileso       ,33.0,Masculino
1172817,21/09/2012,RN,101,NATAL,Falta de atenção,Colisão lateral,Sem Vítimas        ,Pleno dia,Ceu Claro,Dupla   ,Urbano,Automóvel,Ileso       ,22.0,Masculino
1172817,21/09/2012,RN,101,NATAL,Falta de atenção,Colisão lateral,Sem Vítimas        ,Pleno dia,Ceu Claro,Dupla   ,Urbano,Camioneta,Ileso       ,61.0,Masculino
1172838,21/09/2012,RN,101,ARES,Animais na Pista,Capotamento,Com Vítimas Feridas,Pleno dia,Sol,Dupla   ,Rural ,Automóvel,Ferido Grave,31.0,Masculino
1172838,21/09/2012,RN,101,ARES,Animais na Pista,Capotamento,Com Vítimas Feridas,Pleno dia,Sol,Dupla   ,Rural ,Automóvel,Ferido Leve ,21.0,Masculino
1172867,17/09/2012,RN,101,SAO GONCALO DO AMARANTE,Falta de atenção,Colisão traseira,Sem Vítimas        ,Plena noite,Ceu Claro,Dupla   ,Urbano,Caminhonete,Ileso       ,49.0,Masculino
1172867,17/09/2012,RN,101,SAO GONCALO DO AMARANTE,Falta de atenção,Colisão traseira,Sem Vítimas        ,Plena noite,Ceu Claro,Dupla   ,Urbano,Ônibus,Ileso       ,48.0,Masculino
1172933,21/09/2012,RN,304,SANTA MARIA,Falta de atenção,Colisão Transversal,Sem Vítimas        ,Pleno dia,Sol,Simples ,Rural ,Automóvel,Ileso       ,0.0,Masculino
1172933,21/09/2012,RN,304,SANTA MARIA,Falta de atenção,Colisão Transversal,Sem Vítimas        ,Pleno dia,Sol,Simples ,Rural ,Automóvel,Ileso       ,-1.0,Masculino
1172940,21/09/2012,RN,101,ARES,Outras,Atropelamento de pessoa,Com Vítimas Fatais ,Pleno dia,Ceu Claro,Dupla   ,Rural ,Caminhão-Trator,Ileso       ,32.0,Masculino
1172940,21/09/2012,RN,101,ARES,Outras,Atropelamento de pessoa,Com Vítimas Fatais ,Pleno dia,Ceu Claro,Dupla   ,Rural ,(null),Morto       ,57.0,Masculino
1173026,21/09/2012,RN,101,NATAL,Outras,Colisão traseira,Com Vítimas Fatais ,Plena noite,Ceu Claro,Dupla   ,Urbano,Automóvel,Morto       ,33.0,Masculino
1173026,21/09/2012,RN,101,NATAL,Outras,Colisão traseira,Com Vítimas Fatais ,Plena noite,Ceu Claro,Dupla   ,Urbano,Caminhão-Trator,Ileso       ,36.0,Masculino
1173052,21/09/2012,RN,101,SAO JOSE DE MIPIBU,Não guardar distância de segurança,Colisão traseira,Com Vítimas Feridas,Pleno dia,Ceu Claro,Dupla   ,Rural ,Caminhão,Ileso       ,40.0,Masculino
1173052,21/09/2012,RN,101,SAO JOSE DE MIPIBU,Não guardar distância de segurança,Colisão traseira,Com Vítimas Feridas,Pleno dia,Ceu Claro,Dupla   ,Rural ,Ônibus,Ferido Grave,30.0,Masculino
1173052,21/09/2012,RN,101,SAO JOSE DE MIPIBU,Não guardar distância de segurança,Colisão traseira,Com Vítimas Feridas,Pleno dia,Ceu Claro,Dupla   ,Rural ,Ônibus,Ferido Leve ,45.0,Feminino
1173052,21/09/2012,RN,101,SAO JOSE DE MIPIBU,Não guardar distância de segurança,Colisão traseira,Com Vítimas Feridas,Pleno dia,Ceu Claro,Dupla   ,Rural ,Ônibus,Ferido Leve ,49.0,Masculino
1173052,21/09/2012,RN,101,SAO JOSE DE MIPIBU,Não guardar distância de segurança,Colisão traseira,Com Vítimas Feridas,Pleno dia,Ceu Claro,Dupla   ,Rural ,Ônibus,Ferido Leve ,66.0,Feminino
1173052,21/09/2012,RN,101,SAO JOSE DE MIPIBU,Não guardar distância de segurança,Colisão traseira,Com Vítimas Feridas,Pleno dia,Ceu Claro,Dupla   ,Rural ,Ônibus,Ferido Grave,73.0,Feminino
1173056,21/09/2012,RN,304,MACAIBA,Falta de atenção,Colisão traseira,Sem Vítimas        ,Plena noite,Ceu Claro,Simples ,Rural ,Automóvel,Ileso       ,51.0,Masculino
1173056,21/09/2012,RN,304,MACAIBA,Falta de atenção,Colisão traseira,Sem Vítimas        ,Plena noite,Ceu Claro,Simples ,Rural ,Automóvel,Ileso       ,37.0,Masculino
1173056,21/09/2012,RN,304,MACAIBA,Falta de atenção,Colisão traseira,Sem Vítimas        ,Plena noite,Ceu Claro,Simples ,Rural ,Automóvel,Ileso       ,27.0,Masculino
1173221,22/09/2012,RN,406,SAO GONCALO DO AMARANTE,Não guardar distância de segurança,Colisão traseira,Sem Vítimas        ,Pleno dia,Sol,Simples ,Rural ,Automóvel,Ileso       ,53.0,Masculino
1173221,22/09/2012,RN,406,SAO GONCALO DO AMARANTE,Não guardar distância de segurança,Colisão traseira,Sem Vítimas        ,Pleno dia,Sol,Simples ,Rural ,Automóvel,Ileso       ,37.0,Masculino
1173221,22/09/2012,RN,406,SAO GONCALO DO AMARANTE,Não guardar distância de segurança,Colisão traseira,Sem Vítimas        ,Pleno dia,Sol,Simples ,Rural ,Automóvel,Ileso       ,30.0,Masculino
1173263,22/09/2012,RN,226,NATAL,Ingestão de álcool,Colisão Transversal,Com Vítimas Feridas,Pleno dia,Ceu Claro,Simples ,Urbano,Motocicletas,Ferido Grave,29.0,Masculino
1173263,22/09/2012,RN,226,NATAL,Ingestão de álcool,Colisão Transversal,Com Vítimas Feridas,Pleno dia,Ceu Claro,Simples ,Urbano,Automóvel,Ileso       ,32.0,Masculino
1173288,22/09/2012,RN,110,MOSSORO,Não guardar distância de segurança,Colisão traseira,Sem Vítimas        ,Pleno dia,Sol,Dupla   ,Urbano,Camioneta,Ileso       ,44.0,Masculino
1173288,22/09/2012,RN,110,MOSSORO,Não guardar distância de segurança,Colisão traseira,Sem Vítimas        ,Pleno dia,Sol,Dupla   ,Urbano,Automóvel,Ileso       ,64.0,Masculino
1173316,22/09/2012,RN,101,NATAL,Não guardar distância de segurança,Colisão traseira,Sem Vítimas        ,Pleno dia,Sol,Dupla   ,Urbano,Automóvel,Ileso       ,27.0,Masculino
1173316,22/09/2012,RN,101,NATAL,Não guardar distância de segurança,Colisão traseira,Sem Vítimas        ,Pleno dia,Sol,Dupla   ,Urbano,Caminhonete,Ileso       ,28.0,Masculino
1173452,22/09/2012,RN,406,TAIPU,Outras,Colisão lateral,Sem Vítimas        ,Anoitecer,Vento,Simples ,Rural ,Caminhonete,Ileso       ,29.0,Masculino
1173452,22/09/2012,RN,406,TAIPU,Outras,Colisão lateral,Sem Vítimas        ,Anoitecer,Vento,Simples ,Rural ,Automóvel,Ileso       ,31.0,Masculino
1173459,22/09/2012,RN,110,MOSSORO,Outras,Colisão frontal,Com Vítimas Feridas,Plena noite,Ceu Claro,Simples ,Urbano,Automóvel,Ignorado    ,-1.0,Inválido
1173459,22/09/2012,RN,110,MOSSORO,Outras,Colisão frontal,Com Vítimas Feridas,Plena noite,Ceu Claro,Simples ,Urbano,Motocicletas,Ferido Grave,20.0,Masculino
1173620,21/09/2012,RN,101,NATAL,Falta de atenção,Colisão traseira,Sem Vítimas        ,Pleno dia,Ceu Claro,Múltipla,Urbano,Automóvel,Ileso       ,49.0,Masculino
1173620,21/09/2012,RN,101,NATAL,Falta de atenção,Colisão traseira,Sem Vítimas        ,Pleno dia,Ceu Claro,Múltipla,Urbano,Camioneta,Ileso       ,27.0,Feminino
1173803,19/09/2012,RN,101,SAO GONCALO DO AMARANTE,Outras,Colisão lateral,Sem Vítimas        ,Pleno dia,Ceu Claro,Dupla   ,Urbano,Automóvel,Ileso       ,27.0,Masculino
1173803,19/09/2012,RN,101,SAO GONCALO DO AMARANTE,Outras,Colisão lateral,Sem Vítimas        ,Pleno dia,Ceu Claro,Dupla   ,Urbano,Caminhão-Trator,Ileso       ,-1.0,Masculino
1173913,19/09/2012,RN,101,NATAL,Falta de atenção,Colisão lateral,Sem Vítimas        ,Plena noite,Ceu Claro,Dupla   ,Urbano,Automóvel,Ileso       ,49.0,Feminino
1173913,19/09/2012,RN,101,NATAL,Falta de atenção,Colisão lateral,Sem Vítimas        ,Plena noite,Ceu Claro,Dupla   ,Urbano,Automóvel,Ileso       ,28.0,Feminino
1173923,23/09/2012,RN,101,NATAL,Ingestão de álcool,Colisão frontal,Sem Vítimas        ,Anoitecer,Ceu Claro,Múltipla,Urbano,Automóvel,Ileso       ,50.0,Feminino
1173923,23/09/2012,RN,101,NATAL,Ingestão de álcool,Colisão frontal,Sem Vítimas        ,Anoitecer,Ceu Claro,Múltipla,Urbano,Automóvel,Ileso       ,39.0,Feminino