id,data_inversa,uf,br,municipio,causa_acidente,tipo_acidente,classificacao_acidente,fase_dia,condicao_metereologica,tipo_pista,uso_solo,tipo_veiculo,estado_fisico,idade,sexo
1197828,06/11/2012,RN,304,PARNAMIRIM,Falta de atenção,Colisão lateral,Com Vítimas Feridas,Pleno dia,Ceu Claro,Dupla   ,Urbano,Caminhão,Ileso       ,32.0,Masculino
1197933,06/11/2012,RN,101,NATAL,Falta de atenção,Colisão traseira,Sem Vítimas        ,Pleno dia,Ceu Claro,Múltipla,Urbano,Automóvel,Ileso       ,25.0,Masculino
1197933,06/11/2012,RN,101,NATAL,Falta de atenção,Colisão traseira,Sem Vítimas        ,Pleno dia,Ceu Claro,Múltipla,Urbano,Utilitário,Ileso       ,37.0,Feminino
1197944,02/11/2012,RN,304,MOSSORO,Outras,Colisão com objeto fixo,Ignorado           ,Plena noite,Ceu Claro,Dupla   ,Urbano,Automóvel,Ignorado    ,-1.0,Inválido
1198014,03/11/2012,RN,101,PARNAMIRIM,Não guardar distância de segurança,Colisão traseira,Sem Vítimas        ,Pleno dia,Ceu Claro,Dupla   ,Urbano,Automóvel,Ileso       ,40.0,Masculino
1198014,03/11/2012,RN,101,PARNAMIRIM,Não guardar distância de segurança,Colisão traseira,Sem Vítimas        ,Pleno dia,Ceu Claro,Dupla   ,Urbano,Automóvel,Ileso       ,31.0,Feminino
1198029,29/10/2012,RN,226,NATAL,Falta de atenção,Colisão Transversal,Com Vítimas Feridas,Pleno dia,Ceu Claro,Simples ,Rural ,Camioneta,Ileso       ,23.0,Masculino
1198029,29/10/2012,RN,226,NATAL,Falta de atenção,Colisão Transversal,Com Vítimas Feridas,Pleno dia,Ceu Claro,Simples ,Rural ,Motocicletas,Ferido Grave,30.0,Masculino
1198038,03/11/2012,RN,101,SAO GONCALO DO AMARANTE,Outras,Colisão Transversal,Sem Vítimas        ,Plena noite,Ceu Claro,Simples ,Urbano,Automóvel,Ignorado    ,-1.0,Inválido
1198038,03/11/2012,RN,101,SAO GONCALO DO AMARANTE,Outras,Colisão Transversal,Sem Vítimas        ,Plena noite,Ceu Claro,Simples ,Urbano,Motocicletas,Ileso       ,21.0,Masculino
1198040,04/11/2012,RN,110,MOSSORO,Falta de atenção,Colisão traseira,Sem Vítimas        ,Pleno dia,Sol,Simples ,Urbano,Automóvel,Ileso       ,41.0,Masculino
1198040,04/11/2012,RN,110,MOSSORO,Falta de atenção,Colisão traseira,Sem Vítimas        ,Pleno dia,Sol,Simples ,Urbano,Automóvel,Ileso       ,43.0,Masculino
1198060,03/11/2012,RN,226,BOM JESUS,Outras,Colisão Transversal,Sem Vítimas        ,Plena noite,Ceu Claro,Simples ,Urbano,Automóvel,Ileso       ,57.0,Masculino
1198060,03/11/2012,RN,226,BOM JESUS,Outras,Colisão Transversal,Sem Vítimas        ,Plena noite,Ceu Claro,Simples ,Urbano,Automóvel,Ileso       ,18.0,Masculino
1198119,07/11/2012,RN,101,PARNAMIRIM,Outras,Colisão Transversal,Com Vítimas Feridas,Pleno dia,Ceu Claro,Dupla   ,Urbano,Automóvel,Ileso       ,23.0,Feminino
1198119,07/11/2012,RN,101,PARNAMIRIM,Outras,Colisão Transversal,Com Vítimas Feridas,Pleno dia,Ceu Claro,Dupla   ,Urbano,Motocicletas,Ferido Leve ,21.0,Masculino
1198181,27/10/2012,RN,101,PARNAMIRIM,Falta de atenção,Colisão lateral,Sem Vítimas        ,Plena noite,Ceu Claro,Dupla   ,Urbano,Automóvel,Ileso       ,35.0,Masculino
1198181,27/10/2012,RN,101,PARNAMIRIM,Falta de atenção,Colisão lateral,Sem Vítimas        ,Plena noite,Ceu Claro,Dupla   ,Urbano,Automóvel,Ileso       ,30.0,Masculino
1198214,07/11/2012,RN,304,MACAIBA,Outras,Derramamento de Carga,Sem Vítimas        ,Pleno dia,Sol,Simples ,Rural ,Automóvel,Ileso       ,30.0,Masculino
1198214,07/11/2012,RN,304,MACAIBA,Outras,Derramamento de Carga,Sem Vítimas        ,Pleno dia,Sol,Simples ,Rural ,Caminhão,Ileso       ,41.0,Masculino
1198323,07/11/2012,RN,101,PARNAMIRIM,Falta de atenção,Colisão traseira,Sem Vítimas        ,Pleno dia,Ceu Claro,Dupla   ,Urbano,Automóvel,Ileso       ,43.0,Masculino
1198323,07/11/2012,RN,101,PARNAMIRIM,Falta de atenção,Colisão traseira,Sem Vítimas        ,Pleno dia,Ceu Claro,Dupla   ,Urbano,Utilitário,Ileso       ,41.0,Masculino
1198336,07/11/2012,RN,226,JUCURUTU,Outras,Colisão com objeto fixo,Com Vítimas Feridas,Pleno dia,Ceu Claro,Simples ,Rural ,Motocicletas,Ferido Grave,27.0,Masculino
1198407,04/11/2012,RN,101,NATAL,Ingestão de álcool,Colisão traseira,Sem Vítimas        ,Plena noite,Ceu Claro,Dupla   ,Urbano,Camioneta,Ileso       ,33.0,Masculino
1198407,04/11/2012,RN,101,NATAL,Ingestão de álcool,Colisão traseira,Sem Vítimas        ,Plena noite,Ceu Claro,Dupla   ,Urbano,Ônibus,Ileso       ,36.0,Masculino
1198646,06/11/2012,RN,110,MOSSORO,Outras,Colisão frontal,Sem Vítimas        ,Amanhecer,Ceu Claro,Dupla   ,Urbano,Motocicletas,Ileso       ,35.0,Masculino
1198646,06/11/2012,RN,110,MOSSORO,Outras,Colisão frontal,Sem Vítimas        ,Amanhecer,Ceu Claro,Dupla   ,Urbano,Caminhonete,Ileso       ,38.0,Masculino
1198659,05/11/2012,RN,427,ACARI,Outras,Derramamento de Carga,Sem Vítimas        ,Pleno dia,Ceu Claro,Simples ,Rural ,Caminhão-Trator,Ileso       ,27.0,Masculino
1198717,08/11/2012,RN,101,NATAL,Falta de atenção,Colisão traseira,Sem Vítimas        ,Pleno dia,Sol,Múltipla,Urbano,Automóvel,Ileso       ,49.0,Masculino
1198717,08/11/2012,RN,101,NATAL,Falta de atenção,Colisão traseira,Sem Vítimas        ,Pleno dia,Sol,Múltipla,Urbano,Automóvel,Ileso       ,31.0,Masculino
1198772,20/05/2012,RN,226,NATAL,Outras,Colisão frontal,Com Vítimas Feridas,Plena noite,Ceu Claro,Simples ,Urbano,Motocicletas,Ferido Leve ,20.0,Masculino
1198772,20/05/2012,RN,226,NATAL,Outras,Colisão frontal,Com Vítimas Feridas,Plena noite,Ceu Claro,Simples ,Urbano,Motocicletas,Ferido Grave,25.0,Feminino
1198772,20/05/2012,RN,226,NATAL,Outras,Colisão frontal,Com Vítimas Feridas,Plena noite,Ceu Claro,Simples ,Urbano,Automóvel,Ignorado    ,-1.0,Masculino
1198786,08/11/2012,RN,101,NATAL,Falta de atenção,Colisão lateral,Sem Vítimas        ,Pleno dia,Ceu Claro,Dupla   ,Urbano,Automóvel,Ileso       ,36.0,Masculino
1198786,08/11/2012,RN,101,NATAL,Falta de atenção,Colisão lateral,Sem Vítimas        ,Pleno dia,Ceu Claro,Dupla   ,Urbano,Automóvel,Ileso       ,-1.0,Masculino
1198986,09/11/2012,RN,101,PARNAMIRIM,Desobediência à sinalização,Colisão Transversal,Com Vítimas Feridas,Plena noite,Vento,Dupla   ,Urbano,Automóvel,Ileso       ,63.0,Masculino
1198986,09/11/2012,RN,101,PARNAMIRIM,Desobediência à sinalização,Colisão Transversal,Com Vítimas Feridas,Plena noite,Vento,Dupla   ,Urbano,Automóvel,Ileso       ,25.0,Masculino
1198986,09/11/2012,RN,101,PARNAMIRIM,Desobediência à sinalização,Colisão Transversal,Com Vítimas Feridas,Plena noite,Vento,Dupla   ,Urbano,Automóvel,Ferido Leve ,-1.0,Feminino
1199037,07/11/2012,RN,304,MOSSORO,Outras,Queda de motocicleta / bicicleta / veículo,Com Vítimas Feridas,Pleno dia,Ceu Claro,Simples ,Rural ,Motoneta,Ferido Leve ,-1.0,Masculino
1199051,05/11/2012,RN,101,NATAL,Outras,Colisão lateral,Sem Vítimas        ,Plena noite,Ceu Claro,Simples ,Urbano,Caminhonete,Ileso       ,38.0,Feminino
1199051,05/11/2012,RN,101,NATAL,Outras,Colisão lateral,Sem Vítimas        ,Plena noite,Ceu Claro,Simples ,Urbano,Automóvel,Ileso       ,23.0,Feminino
1199087,07/11/2012,RN,101,NATAL,Não guardar distância de segurança,Colisão traseira,Sem Vítimas        ,Plena noite,Ceu Claro,Múltipla,Urbano,Automóvel,Ileso       ,61.0,Masculino
1199087,07/11/2012,RN,101,NATAL,Não guardar distância de segurança,Colisão traseira,Sem Vítimas        ,Plena noite,Ceu Claro,Múltipla,Urbano,Automóvel,Ignorado    ,-1.0,Inválido
1199138,06/11/2012,RN,406,MACAU,Dormindo,Capotamento,Sem Vítimas        ,Plena noite,Ceu Claro,Simples ,Rural ,Caminhonete,Ileso       ,38.0,Masculino
1199149,05/11/2012,RN,101,NATAL,Falta de atenção,Colisão traseira,Sem Vítimas        ,Plena noite,Ceu Claro,Simples ,Urbano,Automóvel,Ileso       ,22.0,Masculino
1199149,05/11/2012,RN,101,NATAL,Falta de atenção,Colisão traseira,Sem Vítimas        ,Plena noite,Ceu Claro,Simples ,Urbano,Automóvel,Ileso       ,23.0,Masculino
1199166,05/11/2012,RN,101,NATAL,Outras,Colisão traseira,Sem Vítimas        ,Pleno dia,Sol,Dupla   ,Urbano,Automóvel,Ileso       ,37.0,Masculino
1199166,05/11/2012,RN,101,NATAL,Outras,Colisão traseira,Sem Vítimas        ,Pleno dia,Sol,Dupla   ,Urbano,Motocicletas,Ileso       ,58.0,Masculino
1199166,05/11/2012,RN,101,NATAL,Outras,Colisão traseira,Sem Vítimas        ,Pleno dia,Sol,Dupla   ,Urbano,Motocicletas,Ileso       ,38.0,Masculino
1199168,27/10/2012,RN,304,ASSU,Outras,Colisão frontal,Com Vítimas Fatais ,Plena noite,Ceu Claro,Simples ,Rural ,Automóvel,Morto       ,59.0,Masculino
1199168,27/10/2012,RN,304,ASSU,Outras,Colisão frontal,Com Vítimas Fatais ,Plena noite,Ceu Claro,Simples ,Rural ,Automóvel,Ignorado    ,46.0,Masculino
1199168,27/10/2012,RN,304,ASSU,Outras,Colisão frontal,Com Vítimas Fatais ,Plena noite,Ceu Claro,Simples ,Rural ,Automóvel,Ferido Leve ,36.0,Feminino
1199203,09/11/2012,RN,101,SAO GONCALO DO AMARANTE,Falta de atenção,Colisão traseira,Sem Vítimas        ,Pleno dia,Sol,Dupla   ,Urbano,Automóvel,Ileso       ,35.0,Masculino
1199203,09/11/2012,RN,101,SAO GONCALO DO AMARANTE,Falta de atenção,Colisão traseira,Sem Vítimas        ,Pleno dia,Sol,Dupla   ,Urbano,Automóvel,Ileso       ,47.0,Masculino
1199225,05/11/2012,RN,101,NATAL,Falta de atenção,Colisão Transversal,Sem Vítimas        ,Anoitecer,Ceu Claro,Múltipla,Urbano,Ônibus,Ileso       ,-1.0,Masculino
1199225,05/11/2012,RN,101,NATAL,Falta de atenção,Colisão Transversal,Sem Vítimas        ,Anoitecer,Ceu Claro,Múltipla,Urbano,Caminhonete,Ileso       ,-1.0,Masculino
1199264,09/11/2012,RN,101,NATAL,Não guardar distância de segurança,Colisão traseira,Sem Vítimas        ,Pleno dia,Sol,Múltipla,Urbano,Automóvel,Ileso       ,30.0,Feminino
1199264,09/11/2012,RN,101,NATAL,Não guardar distância de segurança,Colisão traseira,Sem Vítimas        ,Pleno dia,Sol,Múltipla,Urbano,Automóvel,Ileso       ,28.0,Masculino
1199264,09/11/2012,RN,101,NATAL,Não guardar distância de segurança,Colisão traseira,Sem Vítimas        ,Pleno dia,Sol,Múltipla,Urbano,Automóvel,Ileso       ,34.0,Masculino
1199269,09/11/2012,RN,101,PARNAMIRIM,Outras,Colisão lateral,Sem Vítimas        ,Pleno dia,Ceu Claro,Múltipla,Urbano,Automóvel,Ileso       ,39.0,Masculino
1199269,09/11/2012,RN,101,PARNAMIRIM,Outras,Colisão lateral,Sem Vítimas        ,Pleno dia,Ceu Claro,Múltipla,Urbano,Caminhão-Trator,Ileso       ,59.0,Masculino
1199340,09/11/2012,RN,101,PARNAMIRIM,Falta de atenção,Colisão traseira,Sem Vítimas        ,Pleno dia,Sol,Dupla   ,Urbano,Automóvel,Ileso       ,32.0,Feminino
1199340,09/11/2012,RN,101,PARNAMIRIM,Falta de atenção,Colisão traseira,Sem Vítimas        ,Pleno dia,Sol,Dupla   ,Urbano,Automóvel,Ileso       ,35.0,Masculino
1199349,09/11/2012,RN,427,CURRAIS NOVOS,Falta de atenção,Colisão lateral,Sem Vítimas        ,Pleno dia,Sol,Simples ,Urbano,Automóvel,Ileso       ,66.0,Feminino
1199349,09/11/2012,RN,427,CURRAIS NOVOS,Falta de atenção,Colisão lateral,Sem Vítimas        ,Pleno dia,Sol,Simples ,Urbano,Automóvel,Ileso       ,43.0,Masculino
1199402,09/11/2012,RN,304,MACAIBA,Desobediência à sinalização,Colisão Transversal,Sem Vítimas        ,Pleno dia,Sol,Simples ,Urbano,Automóvel,Ileso       ,46.0,Masculino
1199402,09/11/2012,RN,304,MACAIBA,Desobediência à sinalização,Colisão Transversal,Sem Vítimas        ,Pleno dia,Sol,Simples ,Urbano,Motocicletas,Ileso       ,21.0,Masculino
1199478,04/11/2012,RN,304,MOSSORO,Ingestão de álcool,Colisão lateral,Sem Vítimas        ,Amanhecer,Ceu Claro,Simples ,Urbano,Automóvel,Ileso       ,28.0,Masculino
1199478,04/11/2012,RN,304,MOSSORO,Ingestão de álcool,Colisão lateral,Sem Vítimas        ,Amanhecer,Ceu Claro,Simples ,Urbano,Automóvel,Ileso       ,37.0,Masculino
1199478,04/11/2012,RN,304,MOSSORO,Ingestão de álcool,Colisão lateral,Sem Vítimas        ,Amanhecer,Ceu Claro,Simples ,Urbano,Automóvel,Ileso       ,48.0,Feminino
1199490,09/11/2012,RN,304,MOSSORO,Falta de atenção,Colisão com bicicleta,Com Vítimas Feridas,Plena noite,Ceu Claro,Simples ,Urbano,Automóvel,Ileso       ,-1.0,Masculino
1199490,09/11/2012,RN,304,MOSSORO,Falta de atenção,Colisão com bicicleta,Com Vítimas Feridas,Plena noite,Ceu Claro,Simples ,Urbano,Bicicleta,Ferido Leve ,45.0,Masculino
1199508,09/11/2012,RN,101,NATAL,Velocidade incompatível,Colisão traseira,Sem Vítimas        ,Pleno dia,Ceu Claro,Dupla   ,Urbano,Automóvel,Ileso       ,29.0,Masculino
1199508,09/11/2012,RN,101,NATAL,Velocidade incompatível,Colisão traseira,Sem Vítimas        ,Pleno dia,Ceu Claro,Dupla   ,Urbano,Caminhonete,Ileso       ,31.0,Masculino
1199508,09/11/2012,RN,101,NATAL,Velocidade incompatível,Colisão traseira,Sem Vítimas        ,Pleno dia,Ceu Claro,Dupla   ,Urbano,Automóvel,Ileso       ,32.0,Masculino
1199508,09/11/2012,RN,101,NATAL,Velocidade incompatível,Colisão traseira,Sem Vítimas        ,Pleno dia,Ceu Claro,Dupla   ,Urbano,Automóvel,Ileso       ,-1.0,Feminino
1199508,09/11/2012,RN,101,NATAL,Velocidade incompatível,Colisão traseira,Sem Vítimas        ,Pleno dia,Ceu Claro,Dupla   ,Urbano,Automóvel,Ileso       ,28.0,Feminino
1199508,09/11/2012,RN,101,NATAL,Velocidade incompatível,Colisão traseira,Sem Vítimas        ,Pleno dia,Ceu Claro,Dupla   ,Urbano,Automóvel,Ileso       ,2.0,Masculino
1199535,01/11/2012,RN,406,TAIPU,Outras,Atropelamento de pessoa,Com Vítimas Fatais ,Plena noite,Ceu Claro,Simples ,Urbano,Automóvel,Morto       ,-1.0,Inválido
1199535,01/11/2012,RN,406,TAIPU,Outras,Atropelamento de pessoa,Com Vítimas Fatais ,Plena noite,Ceu Claro,Simples ,Urbano,(null),Morto       ,-1.0,Masculino
1199579,08/11/2012,RN,304,MOSSORO,Falta de atenção,Colisão Transversal,Com Vítimas Feridas,Pleno dia,Ceu Claro,Simples ,Urbano,Motocicletas,Ferido Leve ,28.0,Masculino
1199579,08/11/2012,RN,304,MOSSORO,Falta de atenção,Colisão Transversal,Com Vítimas Feridas,Pleno dia,Ceu Claro,Simples ,Urbano,Motoneta,Ferido Leve ,60.0,Masculino
1199657,09/11/2012,RN,101,SAO GONCALO DO AMARANTE,Outras,Atropelamento de pessoa,Com Vítimas Feridas,Plena noite,Ceu Claro,Dupla   ,Urbano,Motocicletas,Ferido Leve ,33.0,Masculino
1199657,09/11/2012,RN,101,SAO GONCALO DO AMARANTE,Outras,Atropelamento de pessoa,Com Vítimas Feridas,Plena noite,Ceu Claro,Dupla   ,Urbano,(null),Ferido Grave,-1.0,Masculino
1199711,09/11/2012,RN,101,NATAL,Falta de atenção,Colisão traseira,Sem Vítimas        ,Pleno dia,Ceu Claro,Dupla   ,Urbano,Automóvel,Ileso       ,54.0,Feminino
1199711,09/11/2012,RN,101,NATAL,Falta de atenção,Colisão traseira,Sem Vítimas        ,Pleno dia,Ceu Claro,Dupla   ,Urbano,Automóvel,Ileso       ,21.0,Masculino
1199730,09/11/2012,RN,101,NATAL,Não guardar distância de segurança,Colisão traseira,Com Vítimas Feridas,Pleno dia,Ceu Claro,Múltipla,Urbano,Automóvel,Ileso       ,-1.0,Feminino
1199730,09/11/2012,RN,101,NATAL,Não guardar distância de segurança,Colisão traseira,Com Vítimas Feridas,Pleno dia,Ceu Claro,Múltipla,Urbano,Motocicletas,Ferido Leve ,-1.0,Masculino
1199800,05/11/2012,RN,101,NATAL,Animais na Pista,Capotamento,Sem Vítimas        ,Plena noite,Ceu Claro,Dupla   ,Urbano,Automóvel,Ileso       ,26.0,Masculino
1199848,10/11/2012,RN,101,NATAL,Não guardar distância de segurança,Colisão traseira,Sem Vítimas        ,Pleno dia,Sol,Múltipla,Urbano,Automóvel,Ileso       ,31.0,Masculino
1199848,10/11/2012,RN,101,NATAL,Não guardar distância de segurança,Colisão traseira,Sem Vítimas        ,Pleno dia,Sol,Múltipla,Urbano,Automóvel,Ileso       ,35.0,Masculino
1199853,10/11/2012,RN,304,MOSSORO,Falta de atenção,Colisão Transversal,Com Vítimas Feridas,Pleno dia,Ceu Claro,Simples ,Urbano,Ônibus,Ileso       ,38.0,Masculino
1199853,10/11/2012,RN,304,MOSSORO,Falta de atenção,Colisão Transversal,Com Vítimas Feridas,Pleno dia,Ceu Claro,Simples ,Urbano,Motocicletas,Ferido Grave,49.0,Masculino
1199952,10/11/2012,RN,101,PARNAMIRIM,Falta de atenção,Colisão traseira,Sem Vítimas        ,Pleno dia,Ceu Claro,Dupla   ,Urbano,Automóvel,Ileso       ,56.0,Masculino
1199952,10/11/2012,RN,101,PARNAMIRIM,Falta de atenção,Colisão traseira,Sem Vítimas        ,Pleno dia,Ceu Claro,Dupla   ,Urbano,Automóvel,Ileso       ,56.0,Feminino
1200023,10/11/2012,RN,101,NATAL,Falta de atenção,Colisão traseira,Sem Vítimas        ,Pleno dia,Ceu Claro,Múltipla,Urbano,Ônibus,Ileso       ,37.0,Masculino
1200023,10/11/2012,RN,101,NATAL,Falta de atenção,Colisão traseira,Sem Vítimas        ,Pleno dia,Ceu Claro,Múltipla,Urbano,Automóvel,Ileso       ,19.0,Masculino
1200108,10/11/2012,RN,304,SANTA MARIA,Falta de atenção,Capotamento,Sem Vítimas        ,Pleno dia,Ceu Claro,Simples ,Urbano,Caminhonete,Ileso       ,55.0,Masculino
1200160,03/11/2012,RN,101,ARES,Falta de atenção,Colisão traseira,Com Vítimas Feridas,Pleno dia,Sol,Dupla   ,Rural ,Caminhão,Ileso       ,44.0,Masculino
1200160,03/11/2012,RN,101,ARES,Falta de atenção,Colisão traseira,Com Vítimas Feridas,Pleno dia,Sol,Dupla   ,Rural ,Motocicletas,Ileso       ,45.0,Masculino
1200160,03/11/2012,RN,101,ARES,Falta de atenção,Colisão traseira,Com Vítimas Feridas,Pleno dia,Sol,Dupla   ,Rural ,Caminhão,Ferido Leve ,22.0,Masculino
1200179,07/11/2012,RN,101,NATAL,Não guardar distância de segurança,Colisão traseira,Sem Vítimas        ,Plena noite,Ceu Claro,Dupla   ,Urbano,Automóvel,Ileso       ,50.0,Feminino
1200179,07/11/2012,RN,101,NATAL,Não guardar distância de segurança,Colisão traseira,Sem Vítimas        ,Plena noite,Ceu Claro,Dupla   ,Urbano,Automóvel,Ileso       ,-1.0,Feminino
1200179,07/11/2012,RN,101,NATAL,Não guardar distância de segurança,Colisão traseira,Sem Vítimas        ,Plena noite,Ceu Claro,Dupla   ,Urbano,Automóvel,Ileso       ,27.0,Masculino
1200374,08/11/2012,RN,101,PARNAMIRIM,Defeito mecânico em veículo,Colisão traseira,Sem Vítimas        ,Pleno dia,Sol,Múltipla,Urbano,Automóvel,Ileso       ,66.0,Masculino
1200374,08/11/2012,RN,101,PARNAMIRIM,Defeito mecânico em veículo,Colisão traseira,Sem Vítimas        ,Pleno dia,Sol,Múltipla,Urbano,Automóvel,Ileso       ,31.0,Masculino
1200402,11/11/2012,RN,110,AREIA BRANCA,Falta de atenção,Colisão Transversal,Com Vítimas Feridas,Pleno dia,Sol,Simples ,Rural ,Automóvel,Ileso       ,55.0,Masculino
1200402,11/11/2012,RN,110,AREIA BRANCA,Falta de atenção,Colisão Transversal,Com Vítimas Feridas,Pleno dia,Sol,Simples ,Rural ,Motocicletas,Ferido Leve ,24.0,Masculino
1200417,10/11/2012,RN,405,PAU DOS FERROS,Outras,Colisão frontal,Com Vítimas Fatais ,Plena noite,Ceu Claro,Simples ,Urbano,Motocicletas,Morto       ,19.0,Masculino
1200417,10/11/2012,RN,405,PAU DOS FERROS,Outras,Colisão frontal,Com Vítimas Fatais ,Plena noite,Ceu Claro,Simples ,Urbano,Motocicletas,Morto       ,44.0,Masculino
1200449,08/11/2012,RN,101,PARNAMIRIM,Desobediência à sinalização,Colisão Transversal,Com Vítimas Feridas,Plena noite,Ceu Claro,Dupla   ,Urbano,Automóvel,Ileso       ,55.0,Masculino
1200449,08/11/2012,RN,101,PARNAMIRIM,Desobediência à sinalização,Colisão Transversal,Com Vítimas Feridas,Plena noite,Ceu Claro,Dupla   ,Urbano,Motocicletas,Ferido Leve ,35.0,Masculino
1200460,09/11/2012,RN,101,CANGUARETAMA,Falta de atenção,Colisão com objeto fixo,Ignorado           ,Plena noite,Ceu Claro,Dupla   ,Rural ,Automóvel,Ignorado    ,-1.0,Inválido
1200743,07/11/2012,RN,101,CANGUARETAMA,Falta de atenção,Colisão lateral,Com Vítimas Feridas,Pleno dia,Sol,Dupla   ,Rural ,Motocicletas,Ferido Grave,-1.0,Feminino
1200743,07/11/2012,RN,101,CANGUARETAMA,Falta de atenção,Colisão lateral,Com Vítimas Feridas,Pleno dia,Sol,Dupla   ,Rural ,Motocicletas,Ferido Grave,-1.0,Masculino
1200743,07/11/2012,RN,101,CANGUARETAMA,Falta de atenção,Colisão lateral,Com Vítimas Feridas,Pleno dia,Sol,Dupla   ,Rural ,Caminhão,Ileso       ,53.0,Masculino
1200868,13/11/2012,RN,101,NATAL,Falta de atenção,Colisão traseira,Sem Vítimas        ,Pleno dia,Ceu Claro,Dupla   ,Urbano,Automóvel,Ileso       ,46.0,Feminino
1200868,13/11/2012,RN,101,NATAL,Falta de atenção,Colisão traseira,Sem Vítimas        ,Pleno dia,Ceu Claro,Dupla   ,Urbano,Caminhonete,Ileso       ,59.0,Masculino
1200912,09/11/2012,RN,101,SAO JOSE DE MIPIBU,Falta de atenção,Colisão Transversal,Com Vítimas Feridas,Plena noite,Ceu Claro,Dupla   ,Rural ,Automóvel,Ferido Grave,-1.0,Masculino
1200912,09/11/2012,RN,101,SAO JOSE DE MIPIBU,Falta de atenção,Colisão Transversal,Com Vítimas Feridas,Plena noite,Ceu Claro,Dupla   ,Rural ,Automóvel,Ferido Grave,-1.0,Feminino
1200912,09/11/2012,RN,101,SAO JOSE DE MIPIBU,Falta de atenção,Colisão Transversal,Com Vítimas Feridas,Plena noite,Ceu Claro,Dupla   ,Rural ,Caminhão,Ileso       ,-1.0,Masculino
1201185,13/11/2012,RN,304,MOSSORO,Defeito mecânico em veículo,Danos Eventuais,Sem Vítimas        ,Pleno dia,Ceu Claro,Simples ,Urbano,Caminhão-Trator,Ileso       ,52.0,Masculino
1201185,13/11/2012,RN,304,MOSSORO,Defeito mecânico em veículo,Danos Eventuais,Sem Vítimas        ,Pleno dia,Ceu Claro,Simples ,Urbano,Trator de rodas,Ileso       ,32.0,Masculino
1201188,09/11/2012,RN,405,APODI,Ultrapassagem indevida,Colisão frontal,Com Vítimas Feridas,Anoitecer,Ceu Claro,Simples ,Rural ,Caminhão,Ileso       ,29.0,Masculino
1201188,09/11/2012,RN,405,APODI,Ultrapassagem indevida,Colisão frontal,Com Vítimas Feridas,Anoitecer,Ceu Claro,Simples ,Rural ,Motocicletas,Ferido Grave,-1.0,Masculino
1201266,12/11/2012,RN,226,NATAL,Outras,Colisão traseira,Com Vítimas Feridas,Plena noite,Ceu Claro,Simples ,Urbano,Caminhão,Ileso       ,28.0,Masculino
1201266,12/11/2012,RN,226,NATAL,Outras,Colisão traseira,Com Vítimas Feridas,Plena noite,Ceu Claro,Simples ,Urbano,Motocicletas,Ferido Grave,19.0,Masculino
1201429,10/11/2012,RN,405,JOSE DA PENHA,Ingestão de álcool,Capotamento,Com Vítimas Feridas,Plena noite,Ignorada,Simples ,Rural ,Caminhonete,Ferido Leve ,32.0,Masculino
1201429,10/11/2012,RN,405,JOSE DA PENHA,Ingestão de álcool,Capotamento,Com Vítimas Feridas,Plena noite,Ignorada,Simples ,Rural ,Caminhonete,Ferido Leve ,32.0,Masculino
1201440,13/11/2012,RN,110,MOSSORO,Falta de atenção,Colisão frontal,Com Vítimas Feridas,Pleno dia,Sol,Simples ,Urbano,Motocicletas,Ferido Leve ,38.0,Masculino
1201440,13/11/2012,RN,110,MOSSORO,Falta de atenção,Colisão frontal,Com Vítimas Feridas,Pleno dia,Sol,Simples ,Urbano,Automóvel,Ileso       ,48.0,Masculino
1201472,11/11/2012,RN,405,MOSSORO,Falta de atenção,Colisão lateral,Com Vítimas Feridas,Pleno dia,Sol,Simples ,Rural ,Automóvel,Ferido Leve ,62.0,Masculino
1201472,11/11/2012,RN,405,MOSSORO,Falta de atenção,Colisão lateral,Com Vítimas Feridas,Pleno dia,Sol,Simples ,Rural ,Caminhão,Ignorado    ,-1.0,Inválido
1201479,23/09/2012,RN,304,MACAIBA,Outras,Saída de Pista,Com Vítimas Fatais ,Pleno dia,Ceu Claro,Dupla   ,Rural ,Motocicletas,Morto       ,24.0,Masculino
1201479,23/09/2012,RN,304,MACAIBA,Outras,Saída de Pista,Com Vítimas Fatais ,Pleno dia,Ceu Claro,Dupla   ,Rural ,Motocicletas,Morto       ,45.0,Feminino
1201494,12/11/2012,RN,101,GOIANINHA,Outras,Colisão com objeto fixo,Sem Vítimas        ,Pleno dia,Sol,Dupla   ,Rural ,Automóvel,Ileso       ,28.0,Feminino
1201528,14/11/2012,RN,226,CAMPO REDONDO,Outras,Queda de motocicleta / bicicleta / veículo,Com Vítimas Feridas,Pleno dia,Ceu Claro,Simples ,Rural ,Ciclomotor,Ferido Grave,52.0,Feminino
1201535,11/11/2012,RN,101,SAO JOSE DE MIPIBU,Desobediência à sinalização,Colisão lateral,Com Vítimas Feridas,Pleno dia,Ceu Claro,Simples ,Urbano,Motocicletas,Ferido Leve ,29.0,Masculino
1201535,11/11/2012,RN,101,SAO JOSE DE MIPIBU,Desobediência à sinalização,Colisão lateral,Com Vítimas Feridas,Pleno dia,Ceu Claro,Simples ,Urbano,Automóvel,Ileso       ,37.0,Masculino
1201635,08/11/2012,RN,226,MACAIBA,Outras,Colisão Transversal,Sem Vítimas        ,Pleno dia,Sol,Simples ,Urbano,Automóvel,Ileso       ,64.0,Masculino