id,data_inversa,uf,br,municipio,causa_acidente,tipo_acidente,classificacao_acidente,fase_dia,condicao_metereologica,tipo_pista,uso_solo,tipo_veiculo,estado_fisico,idade,sexo
1208435,27/11/2012,RN,101,SAO JOSE DE MIPIBU,Não guardar distância de segurança,Colisão traseira,Sem Vítimas        ,Plena noite,Ceu Claro,Dupla   ,Urbano,Automóvel,Ileso       ,66.0,Masculino
1208435,27/11/2012,RN,101,SAO JOSE DE MIPIBU,Não guardar distância de segurança,Colisão traseira,Sem Vítimas        ,Plena noite,Ceu Claro,Dupla   ,Urbano,Automóvel,Ileso       ,32.0,Masculino
1208551,24/11/2012,RN,101,PARNAMIRIM,Outras,Colisão traseira,Sem Vítimas        ,Plena noite,Ceu Claro,Dupla   ,Urbano,Utilitário,Ileso       ,55.0,Feminino
1208551,24/11/2012,RN,101,PARNAMIRIM,Outras,Colisão traseira,Sem Vítimas        ,Plena noite,Ceu Claro,Dupla   ,Urbano,Utilitário,Ileso       ,-1.0,Masculino
1208565,21/11/2012,RN,110,MOSSORO,Ingestão de álcool,Colisão com objeto fixo,Com Vítimas Feridas,Amanhecer,Ceu Claro,Simples ,Urbano,Motocicletas,Ferido Leve ,23.0,Masculino
1208580,12/11/2012,RN,304,MOSSORO,Falta de atenção,Colisão Transversal,Com Vítimas Feridas,Anoitecer,Ceu Claro,Simples ,Urbano,Motocicletas,Ferido Leve ,19.0,Masculino
1208580,12/11/2012,RN,304,MOSSORO,Falta de atenção,Colisão Transversal,Com Vítimas Feridas,Anoitecer,Ceu Claro,Simples ,Urbano,Motocicletas,Ferido Grave,26.0,Masculino
1208580,12/11/2012,RN,304,MOSSORO,Falta de atenção,Colisão Transversal,Com Vítimas Feridas,Anoitecer,Ceu Claro,Simples ,Urbano,Motocicletas,Ferido Leve ,25.0,Masculino
1208580,12/11/2012,RN,304,MOSSORO,Falta de atenção,Colisão Transversal,Com Vítimas Feridas,Anoitecer,Ceu Claro,Simples ,Urbano,Caminhonete,Ignorado    ,-1.0,Inválido
1208616,16/11/2012,RN,101,PARNAMIRIM,Falta de atenção,Colisão traseira,Sem Vítimas        ,Plena noite,Ceu Claro,Dupla   ,Urbano,Automóvel,Ileso       ,38.0,Masculino
1208616,16/11/2012,RN,101,PARNAMIRIM,Falta de atenção,Colisão traseira,Sem Vítimas        ,Plena noite,Ceu Claro,Dupla   ,Urbano,Automóvel,Ileso       ,59.0,Masculino
1208711,24/11/2012,RN,101,NATAL,Falta de atenção,Colisão traseira,Sem Vítimas        ,Pleno dia,Ceu Claro,Dupla   ,Urbano,Automóvel,Ileso       ,21.0,Masculino
1208711,24/11/2012,RN,101,NATAL,Falta de atenção,Colisão traseira,Sem Vítimas        ,Pleno dia,Ceu Claro,Dupla   ,Urbano,Automóvel,Ileso       ,31.0,Masculino
1208713,12/11/2012,RN,101,NATAL,Não guardar distância de segurança,Colisão traseira,Sem Vítimas        ,Pleno dia,Ceu Claro,Dupla   ,Urbano,Automóvel,Ileso       ,44.0,Masculino
1208713,12/11/2012,RN,101,NATAL,Não guardar distância de segurança,Colisão traseira,Sem Vítimas        ,Pleno dia,Ceu Claro,Dupla   ,Urbano,Automóvel,Ileso       ,25.0,Masculino
1208783,16/11/2012,RN,101,SAO GONCALO DO AMARANTE,Outras,Colisão traseira,Com Vítimas Feridas,Plena noite,Ceu Claro,Dupla   ,Urbano,Automóvel,Ileso       ,28.0,Masculino
1208783,16/11/2012,RN,101,SAO GONCALO DO AMARANTE,Outras,Colisão traseira,Com Vítimas Feridas,Plena noite,Ceu Claro,Dupla   ,Urbano,Automóvel,Ileso       ,50.0,Masculino
1208783,16/11/2012,RN,101,SAO GONCALO DO AMARANTE,Outras,Colisão traseira,Com Vítimas Feridas,Plena noite,Ceu Claro,Dupla   ,Urbano,Automóvel,Ileso       ,53.0,Masculino
1208783,16/11/2012,RN,101,SAO GONCALO DO AMARANTE,Outras,Colisão traseira,Com Vítimas Feridas,Plena noite,Ceu Claro,Dupla   ,Urbano,Automóvel,Ferido Leve ,-1.0,Feminino
1208793,28/11/2012,RN,101,PARNAMIRIM,Falta de atenção,Colisão lateral,Sem Vítimas        ,Pleno dia,Ceu Claro,Dupla   ,Urbano,Caminhão,Ileso       ,46.0,Masculino
1208793,28/11/2012,RN,101,PARNAMIRIM,Falta de atenção,Colisão lateral,Sem Vítimas        ,Pleno dia,Ceu Claro,Dupla   ,Urbano,Automóvel,Ileso       ,43.0,Feminino
1208805,12/11/2012,RN,101,NATAL,Falta de atenção,Colisão traseira,Sem Vítimas        ,Pleno dia,Ceu Claro,Simples ,Urbano,Automóvel,Ileso       ,34.0,Feminino
1208805,12/11/2012,RN,101,NATAL,Falta de atenção,Colisão traseira,Sem Vítimas        ,Pleno dia,Ceu Claro,Simples ,Urbano,Automóvel,Ileso       ,34.0,Feminino
1208840,28/11/2012,RN,101,NATAL,Outras,Colisão traseira,Sem Vítimas        ,Pleno dia,Ceu Claro,Dupla   ,Urbano,Automóvel,Ileso       ,20.0,Masculino
1208840,28/11/2012,RN,101,NATAL,Outras,Colisão traseira,Sem Vítimas        ,Pleno dia,Ceu Claro,Dupla   ,Urbano,Caminhonete,Ileso       ,45.0,Masculino
1208850,28/11/2012,RN,101,NATAL,Falta de atenção,Colisão lateral,Sem Vítimas        ,Pleno dia,Ceu Claro,Múltipla,Urbano,Caminhão,Ileso       ,61.0,Masculino
1208850,28/11/2012,RN,101,NATAL,Falta de atenção,Colisão lateral,Sem Vítimas        ,Pleno dia,Ceu Claro,Múltipla,Urbano,Automóvel,Ileso       ,68.0,Masculino
1208874,24/11/2012,RN,226,NATAL,Ingestão de álcool,Colisão lateral,Sem Vítimas        ,Plena noite,Ceu Claro,Simples ,Urbano,Motocicletas,Ileso       ,22.0,Masculino
1208874,24/11/2012,RN,226,NATAL,Ingestão de álcool,Colisão lateral,Sem Vítimas        ,Plena noite,Ceu Claro,Simples ,Urbano,Automóvel,Ileso       ,42.0,Masculino
1208876,20/11/2012,RN,226,TANGARA,Animais na Pista,Atropelamento de animal,Sem Vítimas        ,Plena noite,Ceu Claro,Simples ,Rural ,Automóvel,Ileso       ,35.0,Masculino
1208879,28/11/2012,RN,101,NATAL,Outras,Colisão lateral,Sem Vítimas        ,Pleno dia,Sol,Dupla   ,Urbano,Caminhão-Trator,Ileso       ,35.0,Masculino
1208879,28/11/2012,RN,101,NATAL,Outras,Colisão lateral,Sem Vítimas        ,Pleno dia,Sol,Dupla   ,Urbano,Automóvel,Ileso       ,49.0,Masculino
1208941,28/11/2012,RN,101,NATAL,Outras,Colisão com bicicleta,Com Vítimas Feridas,Pleno dia,Ceu Claro,Dupla   ,Urbano,Automóvel,Ileso       ,21.0,Masculino
1208941,28/11/2012,RN,101,NATAL,Outras,Colisão com bicicleta,Com Vítimas Feridas,Pleno dia,Ceu Claro,Dupla   ,Urbano,Bicicleta,Ferido Leve ,15.0,Masculino
1208967,24/11/2012,RN,427,ACARI,Outras,Colisão traseira,Sem Vítimas        ,Pleno dia,Ceu Claro,Simples ,Rural ,Automóvel,Ileso       ,59.0,Masculino
1208967,24/11/2012,RN,427,ACARI,Outras,Colisão traseira,Sem Vítimas        ,Pleno dia,Ceu Claro,Simples ,Rural ,Automóvel,Ileso       ,50.0,Masculino
1208967,24/11/2012,RN,427,ACARI,Outras,Colisão traseira,Sem Vítimas        ,Pleno dia,Ceu Claro,Simples ,Rural ,Automóvel,Ileso       ,31.0,Masculino
1209067,28/11/2012,RN,101,NATAL,Desobediência à sinalização,Colisão Transversal,Com Vítimas Feridas,Plena noite,Ceu Claro,Múltipla,Urbano,Motocicletas,Ferido Leve ,23.0,Masculino
1209067,28/11/2012,RN,101,NATAL,Desobediência à sinalização,Colisão Transversal,Com Vítimas Feridas,Plena noite,Ceu Claro,Múltipla,Urbano,Motocicletas,Ferido Leve ,-1.0,Masculino
1209067,28/11/2012,RN,101,NATAL,Desobediência à sinalização,Colisão Transversal,Com Vítimas Feridas,Plena noite,Ceu Claro,Múltipla,Urbano,Automóvel,Ignorado    ,-1.0,Inválido
1209146,28/11/2012,RN,101,NATAL,Desobediência à sinalização,Colisão Transversal,Sem Vítimas        ,Plena noite,Ceu Claro,Dupla   ,Urbano,Motocicletas,Ileso       ,23.0,Masculino
1209146,28/11/2012,RN,101,NATAL,Desobediência à sinalização,Colisão Transversal,Sem Vítimas        ,Plena noite,Ceu Claro,Dupla   ,Urbano,Automóvel,Ileso       ,27.0,Masculino
1209178,28/11/2012,RN,304,ASSU,Animais na Pista,Atropelamento de animal,Sem Vítimas        ,Plena noite,Ceu Claro,Simples ,Rural ,Caminhonete,Ileso       ,36.0,Masculino
1209182,28/11/2012,RN,101,NATAL,Falta de atenção,Colisão lateral,Sem Vítimas        ,Pleno dia,Ceu Claro,Dupla   ,Urbano,Caminhão,Ileso       ,37.0,Masculino
1209182,28/11/2012,RN,101,NATAL,Falta de atenção,Colisão lateral,Sem Vítimas        ,Pleno dia,Ceu Claro,Dupla   ,Urbano,Automóvel,Ileso       ,31.0,Feminino
1209230,14/11/2012,RN,304,MOSSORO,Falta de atenção,Colisão frontal,Com Vítimas Feridas,Anoitecer,Ceu Claro,Simples ,Urbano,Motoneta,Ferido Leve ,35.0,Masculino
1209230,14/11/2012,RN,304,MOSSORO,Falta de atenção,Colisão frontal,Com Vítimas Feridas,Anoitecer,Ceu Claro,Simples ,Urbano,Automóvel,Ileso       ,45.0,Masculino
1209246,21/11/2012,RN,406,JOAO CAMARA,Falta de atenção,Colisão Transversal,Com Vítimas Feridas,Pleno dia,Sol,Simples ,Rural ,Camioneta,Ileso       ,42.0,Masculino
1209246,21/11/2012,RN,406,JOAO CAMARA,Falta de atenção,Colisão Transversal,Com Vítimas Feridas,Pleno dia,Sol,Simples ,Rural ,Camioneta,Ferido Leve ,-1.0,Feminino
1209246,21/11/2012,RN,406,JOAO CAMARA,Falta de atenção,Colisão Transversal,Com Vítimas Feridas,Pleno dia,Sol,Simples ,Rural ,Camioneta,Ferido Grave,7.0,Masculino
1209246,21/11/2012,RN,406,JOAO CAMARA,Falta de atenção,Colisão Transversal,Com Vítimas Feridas,Pleno dia,Sol,Simples ,Rural ,Motocicletas,Ferido Grave,30.0,Masculino
1209270,15/11/2012,RN,304,SANTA MARIA,Outras,Colisão frontal,Com Vítimas Fatais ,Amanhecer,Ceu Claro,Simples ,Rural ,Caminhão-Trator,Ileso       ,52.0,Masculino
1209270,15/11/2012,RN,304,SANTA MARIA,Outras,Colisão frontal,Com Vítimas Fatais ,Amanhecer,Ceu Claro,Simples ,Rural ,Automóvel,Morto       ,41.0,Masculino
1209270,15/11/2012,RN,304,SANTA MARIA,Outras,Colisão frontal,Com Vítimas Fatais ,Amanhecer,Ceu Claro,Simples ,Rural ,Automóvel,Ileso       ,34.0,Feminino
1209270,15/11/2012,RN,304,SANTA MARIA,Outras,Colisão frontal,Com Vítimas Fatais ,Amanhecer,Ceu Claro,Simples ,Rural ,Automóvel,Ileso       ,-1.0,Inválido
1209270,15/11/2012,RN,304,SANTA MARIA,Outras,Colisão frontal,Com Vítimas Fatais ,Amanhecer,Ceu Claro,Simples ,Rural ,Automóvel,Morto       ,21.0,Masculino
1209270,15/11/2012,RN,304,SANTA MARIA,Outras,Colisão frontal,Com Vítimas Fatais ,Amanhecer,Ceu Claro,Simples ,Rural ,Automóvel,Morto       ,23.0,Feminino
1209270,15/11/2012,RN,304,SANTA MARIA,Outras,Colisão frontal,Com Vítimas Fatais ,Amanhecer,Ceu Claro,Simples ,Rural ,Automóvel,Morto       ,77.0,Feminino
1209292,27/11/2012,RN,101,NATAL,Falta de atenção,Colisão Transversal,Sem Vítimas        ,Plena noite,Ceu Claro,Simples ,Urbano,Automóvel,Ileso       ,34.0,Masculino
1209292,27/11/2012,RN,101,NATAL,Falta de atenção,Colisão Transversal,Sem Vítimas        ,Plena noite,Ceu Claro,Simples ,Urbano,Motocicletas,Ileso       ,28.0,Masculino
1209309,13/11/2012,RN,226,NATAL,Outras,Colisão frontal,Com Vítimas Feridas,Pleno dia,Sol,Simples ,Urbano,Ônibus,Ileso       ,30.0,Masculino
1209309,13/11/2012,RN,226,NATAL,Outras,Colisão frontal,Com Vítimas Feridas,Pleno dia,Sol,Simples ,Urbano,Motocicletas,Ferido Leve ,52.0,Masculino
1209321,02/11/2012,RN,427,CURRAIS NOVOS,Outras,Colisão lateral,Com Vítimas Feridas,Pleno dia,Ceu Claro,Simples ,Urbano,Motocicletas,Ferido Grave,51.0,Masculino
1209321,02/11/2012,RN,427,CURRAIS NOVOS,Outras,Colisão lateral,Com Vítimas Feridas,Pleno dia,Ceu Claro,Simples ,Urbano,Caminhão-Trator,Ileso       ,28.0,Masculino
1209416,21/11/2012,RN,101,SAO GONCALO DO AMARANTE,Desobediência à sinalização,Colisão Transversal,Com Vítimas Feridas,Pleno dia,Sol,Múltipla,Urbano,Automóvel,Ileso       ,32.0,Feminino
1209416,21/11/2012,RN,101,SAO GONCALO DO AMARANTE,Desobediência à sinalização,Colisão Transversal,Com Vítimas Feridas,Pleno dia,Sol,Múltipla,Urbano,Motoneta,Ferido Leve ,34.0,Masculino
1209528,17/11/2012,RN,406,JOAO CAMARA,Falta de atenção,Colisão lateral,Sem Vítimas        ,Pleno dia,Sol,Simples ,Urbano,Caminhão-Trator,Ileso       ,39.0,Masculino
1209528,17/11/2012,RN,406,JOAO CAMARA,Falta de atenção,Colisão lateral,Sem Vítimas        ,Pleno dia,Sol,Simples ,Urbano,Automóvel,Ileso       ,-1.0,Masculino
1209580,29/11/2012,RN,304,RIACHUELO,Falta de atenção,Colisão lateral,Sem Vítimas        ,Pleno dia,Ceu Claro,Simples ,Rural ,Caminhão-Trator,Ileso       ,60.0,Masculino
1209580,29/11/2012,RN,304,RIACHUELO,Falta de atenção,Colisão lateral,Sem Vítimas        ,Pleno dia,Ceu Claro,Simples ,Rural ,Caminhão,Ileso       ,35.0,Masculino
1209606,29/11/2012,RN,226,CAMPO REDONDO,Outras,Colisão traseira,Com Vítimas Feridas,Plena noite,Ceu Claro,Simples ,Rural ,Camioneta,Ileso       ,31.0,Masculino
1209606,29/11/2012,RN,226,CAMPO REDONDO,Outras,Colisão traseira,Com Vítimas Feridas,Plena noite,Ceu Claro,Simples ,Rural ,Motocicletas,Ferido Leve ,37.0,Masculino
1209606,29/11/2012,RN,226,CAMPO REDONDO,Outras,Colisão traseira,Com Vítimas Feridas,Plena noite,Ceu Claro,Simples ,Rural ,Motocicletas,Ferido Leve ,38.0,Feminino
1209623,08/01/2012,RN,304,MOSSORO,Ingestão de álcool,Colisão frontal,Com Vítimas Feridas,Plena noite,Ceu Claro,Simples ,Urbano,Caminhão,Ileso       ,40.0,Masculino
1209623,08/01/2012,RN,304,MOSSORO,Ingestão de álcool,Colisão frontal,Com Vítimas Feridas,Plena noite,Ceu Claro,Simples ,Urbano,Ciclomotor,Ferido Grave,25.0,Masculino
1209732,29/11/2012,RN,101,NATAL,Falta de atenção,Colisão com objeto fixo,Sem Vítimas        ,Plena noite,Ceu Claro,Simples ,Urbano,Caminhão,Ileso       ,23.0,Masculino
1209793,26/11/2012,RN,101,NATAL,Falta de atenção,Colisão traseira,Sem Vítimas        ,Pleno dia,Sol,Dupla   ,Urbano,Automóvel,Ileso       ,35.0,Feminino
1209793,26/11/2012,RN,101,NATAL,Falta de atenção,Colisão traseira,Sem Vítimas        ,Pleno dia,Sol,Dupla   ,Urbano,Automóvel,Ileso       ,33.0,Masculino
1209905,26/11/2012,RN,226,NATAL,Outras,Colisão Transversal,Com Vítimas Feridas,Anoitecer,Ceu Claro,Simples ,Urbano,Motocicletas,Ferido Leve ,19.0,Masculino
1209905,26/11/2012,RN,226,NATAL,Outras,Colisão Transversal,Com Vítimas Feridas,Anoitecer,Ceu Claro,Simples ,Urbano,Camioneta,Ileso       ,36.0,Masculino
1209921,30/11/2012,RN,110,MOSSORO,Não guardar distância de segurança,Colisão traseira,Sem Vítimas        ,Pleno dia,Nublado,Dupla   ,Urbano,Caminhonete,Ileso       ,-1.0,Masculino
1209921,30/11/2012,RN,110,MOSSORO,Não guardar distância de segurança,Colisão traseira,Sem Vítimas        ,Pleno dia,Nublado,Dupla   ,Urbano,Caminhonete,Ileso       ,22.0,Masculino
1209984,30/11/2012,RN,101,NATAL,Não guardar distância de segurança,Colisão traseira,Sem Vítimas        ,Pleno dia,Sol,Dupla   ,Urbano,Automóvel,Ileso       ,27.0,Feminino
1209984,30/11/2012,RN,101,NATAL,Não guardar distância de segurança,Colisão traseira,Sem Vítimas        ,Pleno dia,Sol,Dupla   ,Urbano,Automóvel,Ignorado    ,-1.0,Inválido
1209999,29/11/2012,RN,101,NATAL,Não guardar distância de segurança,Colisão lateral,Sem Vítimas        ,Pleno dia,Sol,Dupla   ,Urbano,Caminhonete,Ileso       ,23.0,Masculino
1209999,29/11/2012,RN,101,NATAL,Não guardar distância de segurança,Colisão lateral,Sem Vítimas        ,Pleno dia,Sol,Dupla   ,Urbano,Automóvel,Ileso       ,33.0,Masculino
1210061,30/11/2012,RN,101,SAO GONCALO DO AMARANTE,Outras,Colisão Transversal,Sem Vítimas        ,Pleno dia,Ceu Claro,Dupla   ,Urbano,Camioneta,Ileso       ,31.0,Masculino
1210061,30/11/2012,RN,101,SAO GONCALO DO AMARANTE,Outras,Colisão Transversal,Sem Vítimas        ,Pleno dia,Ceu Claro,Dupla   ,Urbano,Motocicletas,Ignorado    ,-1.0,Inválido
1210066,30/11/2012,RN,406,CEARA-MIRIM,Outras,Tombamento,Sem Vítimas        ,Pleno dia,Ceu Claro,Simples ,Rural ,Caminhão,Ileso       ,44.0,Masculino
1210181,30/11/2012,RN,101,PARNAMIRIM,Não guardar distância de segurança,Colisão traseira,Sem Vítimas        ,Plena noite,Ceu Claro,Dupla   ,Urbano,Automóvel,Ignorado    ,-1.0,Inválido
1210181,30/11/2012,RN,101,PARNAMIRIM,Não guardar distância de segurança,Colisão traseira,Sem Vítimas        ,Plena noite,Ceu Claro,Dupla   ,Urbano,Automóvel,Ignorado    ,-1.0,Inválido
1210181,30/11/2012,RN,101,PARNAMIRIM,Não guardar distância de segurança,Colisão traseira,Sem Vítimas        ,Plena noite,Ceu Claro,Dupla   ,Urbano,Automóvel,Ileso       ,27.0,Masculino
1210181,30/11/2012,RN,101,PARNAMIRIM,Não guardar distância de segurança,Colisão traseira,Sem Vítimas        ,Plena noite,Ceu Claro,Dupla   ,Urbano,Automóvel,Ileso       ,51.0,Masculino
1210187,26/11/2012,RN,101,NATAL,Desobediência à sinalização,Colisão Transversal,Sem Vítimas        ,Plena noite,Ceu Claro,Dupla   ,Urbano,Automóvel,Ileso       ,33.0,Masculino
1210187,26/11/2012,RN,101,NATAL,Desobediência à sinalização,Colisão Transversal,Sem Vítimas        ,Plena noite,Ceu Claro,Dupla   ,Urbano,Camioneta,Ileso       ,50.0,Masculino
1210187,26/11/2012,RN,101,NATAL,Desobediência à sinalização,Colisão Transversal,Sem Vítimas        ,Plena noite,Ceu Claro,Dupla   ,Urbano,Automóvel,Ileso       ,39.0,Masculino
1210214,30/11/2012,RN,226,CURRAIS NOVOS,Velocidade incompatível,Colisão traseira,Com Vítimas Feridas,Plena noite,Ceu Claro,Simples ,Rural ,Automóvel,Ileso       ,47.0,Masculino
1210214,30/11/2012,RN,226,CURRAIS NOVOS,Velocidade incompatível,Colisão traseira,Com Vítimas Feridas,Plena noite,Ceu Claro,Simples ,Rural ,Automóvel,Ileso       ,25.0,Masculino
1210214,30/11/2012,RN,226,CURRAIS NOVOS,Velocidade incompatível,Colisão traseira,Com Vítimas Feridas,Plena noite,Ceu Claro,Simples ,Rural ,Automóvel,Ileso       ,-1.0,Feminino
1210214,30/11/2012,RN,226,CURRAIS NOVOS,Velocidade incompatível,Colisão traseira,Com Vítimas Feridas,Plena noite,Ceu Claro,Simples ,Rural ,Automóvel,Ferido Leve ,-1.0,Masculino
1210214,30/11/2012,RN,226,CURRAIS NOVOS,Velocidade incompatível,Colisão traseira,Com Vítimas Feridas,Plena noite,Ceu Claro,Simples ,Rural ,Caminhão,Ileso       ,49.0,Masculino
1210226,30/11/2012,RN,101,NATAL,Falta de atenção,Atropelamento de pessoa,Com Vítimas Feridas,Plena noite,Vento,Dupla   ,Urbano,(null),Ferido Leve ,19.0,Feminino
1210226,30/11/2012,RN,101,NATAL,Falta de atenção,Atropelamento de pessoa,Com Vítimas Feridas,Plena noite,Vento,Dupla   ,Urbano,Automóvel,Ileso       ,22.0,Masculino
1210227,30/11/2012,RN,101,NATAL,Falta de atenção,Colisão traseira,Sem Vítimas        ,Pleno dia,Sol,Dupla   ,Urbano,Automóvel,Ileso       ,30.0,Masculino
1210227,30/11/2012,RN,101,NATAL,Falta de atenção,Colisão traseira,Sem Vítimas        ,Pleno dia,Sol,Dupla   ,Urbano,Automóvel,Ileso       ,25.0,Feminino
1210227,30/11/2012,RN,101,NATAL,Falta de atenção,Colisão traseira,Sem Vítimas        ,Pleno dia,Sol,Dupla   ,Urbano,Automóvel,Ileso       ,22.0,Masculino
1210227,30/11/2012,RN,101,NATAL,Falta de atenção,Colisão traseira,Sem Vítimas        ,Pleno dia,Sol,Dupla   ,Urbano,Automóvel,Ileso       ,40.0,Masculino
1210227,30/11/2012,RN,101,NATAL,Falta de atenção,Colisão traseira,Sem Vítimas        ,Pleno dia,Sol,Dupla   ,Urbano,Automóvel,Ileso       ,26.0,Feminino
1210227,30/11/2012,RN,101,NATAL,Falta de atenção,Colisão traseira,Sem Vítimas        ,Pleno dia,Sol,Dupla   ,Urbano,Automóvel,Ileso       ,27.0,Masculino
1210229,30/11/2012,RN,405,SEVERIANO MELO,Ingestão de álcool,Colisão frontal,Com Vítimas Fatais ,Plena noite,Ceu Claro,Simples ,Rural ,Caminhão,Ignorado    ,27.0,Masculino
1210229,30/11/2012,RN,405,SEVERIANO MELO,Ingestão de álcool,Colisão frontal,Com Vítimas Fatais ,Plena noite,Ceu Claro,Simples ,Rural ,Motoneta,Morto       ,57.0,Masculino
1210229,30/11/2012,RN,405,SEVERIANO MELO,Ingestão de álcool,Colisão frontal,Com Vítimas Fatais ,Plena noite,Ceu Claro,Simples ,Rural ,Motoneta,Morto       ,40.0,Masculino
1210286,30/11/2012,RN,304,MOSSORO,Ingestão de álcool,Colisão frontal,Com Vítimas Feridas,Plena noite,Ceu Claro,Simples ,Urbano,Caminhão,Ileso       ,25.0,Masculino
1210286,30/11/2012,RN,304,MOSSORO,Ingestão de álcool,Colisão frontal,Com Vítimas Feridas,Plena noite,Ceu Claro,Simples ,Urbano,Automóvel,Ferido Leve ,33.0,Masculino
1210286,30/11/2012,RN,304,MOSSORO,Ingestão de álcool,Colisão frontal,Com Vítimas Feridas,Plena noite,Ceu Claro,Simples ,Urbano,Automóvel,Ileso       ,-1.0,Masculino
1210354,28/11/2012,RN,101,NATAL,Não guardar distância de segurança,Colisão traseira,Sem Vítimas        ,Pleno dia,Ceu Claro,Dupla   ,Urbano,Automóvel,Ileso       ,32.0,Masculino
1210354,28/11/2012,RN,101,NATAL,Não guardar distância de segurança,Colisão traseira,Sem Vítimas        ,Pleno dia,Ceu Claro,Dupla   ,Urbano,Automóvel,Ileso       ,30.0,Feminino
1210354,28/11/2012,RN,101,NATAL,Não guardar distância de segurança,Colisão traseira,Sem Vítimas        ,Pleno dia,Ceu Claro,Dupla   ,Urbano,Automóvel,Ileso       ,-1.0,Feminino
1210354,28/11/2012,RN,101,NATAL,Não guardar distância de segurança,Colisão traseira,Sem Vítimas        ,Pleno dia,Ceu Claro,Dupla   ,Urbano,Automóvel,Ileso       ,63.0,Masculino
1210359,28/11/2012,RN,304,PARNAMIRIM,Outras,Colisão Transversal,Com Vítimas Feridas,Pleno dia,Sol,Dupla   ,Urbano,Motocicletas,Ileso       ,36.0,Masculino
1210359,28/11/2012,RN,304,PARNAMIRIM,Outras,Colisão Transversal,Com Vítimas Feridas,Pleno dia,Sol,Dupla   ,Urbano,Motocicletas,Ferido Leve ,54.0,Masculino
1210473,01/12/2012,RN,304,MOSSORO,Falta de atenção,Colisão traseira,Sem Vítimas        ,Pleno dia,Ceu Claro,Simples ,Urbano,Camioneta,Ileso       ,65.0,Masculino
1210473,01/12/2012,RN,304,MOSSORO,Falta de atenção,Colisão traseira,Sem Vítimas        ,Pleno dia,Ceu Claro,Simples ,Urbano,Automóvel,Ileso       ,54.0,Masculino
1210590,17/11/2012,RN,101,EXTREMOZ,Outras,Colisão frontal,Com Vítimas Fatais ,Plena noite,Ceu Claro,Simples ,Rural ,Automóvel,Ileso       ,31.0,Masculino
1210590,17/11/2012,RN,101,EXTREMOZ,Outras,Colisão frontal,Com Vítimas Fatais ,Plena noite,Ceu Claro,Simples ,Rural ,Motocicletas,Morto       ,31.0,Masculino
1210612,01/12/2012,RN,101,PARNAMIRIM,Falta de atenção,Colisão traseira,Com Vítimas Feridas,Pleno dia,Ceu Claro,Dupla   ,Urbano,Motoneta,Ferido Leve ,46.0,Masculino
1210612,01/12/2012,RN,101,PARNAMIRIM,Falta de atenção,Colisão traseira,Com Vítimas Feridas,Pleno dia,Ceu Claro,Dupla   ,Urbano,Automóvel,Ileso       ,28.0,Masculino
1210662,16/11/2012,RN,304,MOSSORO,Outras,Colisão Transversal,Sem Vítimas        ,Plena noite,Ceu Claro,Simples ,Urbano,Não identificado,Ignorado    ,-1.0,Inválido
1210662,16/11/2012,RN,304,MOSSORO,Outras,Colisão Transversal,Sem Vítimas        ,Plena noite,Ceu Claro,Simples ,Urbano,Ciclomotor,Ileso       ,23.0,Masculino
1210668,05/11/2012,RN,304,MOSSORO,Falta de atenção,Colisão Transversal,Sem Vítimas        ,Pleno dia,Ceu Claro,Simples ,Urbano,Automóvel,Ileso       ,20.0,Masculino
1210668,05/11/2012,RN,304,MOSSORO,Falta de atenção,Colisão Transversal,Sem Vítimas        ,Pleno dia,Ceu Claro,Simples ,Urbano,Não identificado,Ignorado    ,-1.0,Inválido
1210917,02/12/2012,RN,406,NATAL,Outras,Colisão Transversal,Com Vítimas Feridas,Pleno dia,Ceu Claro,Simples ,Rural ,Automóvel,Ileso       ,68.0,Masculino
1210917,02/12/2012,RN,406,NATAL,Outras,Colisão Transversal,Com Vítimas Feridas,Pleno dia,Ceu Claro,Simples ,Rural ,Motocicletas,Ferido Leve ,44.0,Masculino
1210953,30/11/2012,RN,101,GOIANINHA,Não guardar distância de segurança,Colisão traseira,Com Vítimas Feridas,Pleno dia,Sol,Dupla   ,Urbano,Automóvel,Ileso       ,29.0,Masculino
1210953,30/11/2012,RN,101,GOIANINHA,Não guardar distância de segurança,Colisão traseira,Com Vítimas Feridas,Pleno dia,Sol,Dupla   ,Urbano,Motocicletas,Ferido Leve ,31.0,Masculino
1210972,02/12/2012,RN,101,NATAL,Desobediência à sinalização,Colisão Transversal,Com Vítimas Feridas,Pleno dia,Ceu Claro,Dupla   ,Urbano,Automóvel,Ileso       ,-1.0,Feminino
1210972,02/12/2012,RN,101,NATAL,Desobediência à sinalização,Colisão Transversal,Com Vítimas Feridas,Pleno dia,Ceu Claro,Dupla   ,Urbano,Motoneta,Ferido Leve ,-1.0,Masculino
1210972,02/12/2012,RN,101,NATAL,Desobediência à sinalização,Colisão Transversal,Com Vítimas Feridas,Pleno dia,Ceu Claro,Dupla   ,Urbano,Motoneta,Ferido Leve ,-1.0,Feminino
1210996,12/11/2012,RN,304,MACAIBA,Falta de atenção,Colisão traseira,Sem Vítimas        ,Pleno dia,Sol,Simples ,Urbano,Caminhonete,Ileso       ,43.0,Masculino