id,data_inversa,uf,br,municipio,causa_acidente,tipo_acidente,classificacao_acidente,fase_dia,condicao_metereologica,tipo_pista,uso_solo,tipo_veiculo,estado_fisico,idade,sexo
1210996,12/11/2012,RN,304,MACAIBA,Falta de atenção,Colisão traseira,Sem Vítimas        ,Pleno dia,Sol,Simples ,Urbano,Motocicletas,Ileso       ,-1.0,Masculino
1211017,30/11/2012,RN,101,PARNAMIRIM,Velocidade incompatível,Colisão lateral,Sem Vítimas        ,Plena noite,Ceu Claro,Dupla   ,Urbano,Automóvel,Ileso       ,52.0,Masculino
1211017,30/11/2012,RN,101,PARNAMIRIM,Velocidade incompatível,Colisão lateral,Sem Vítimas        ,Plena noite,Ceu Claro,Dupla   ,Urbano,Microônibus,Ileso       ,26.0,Masculino
1211041,02/12/2012,RN,101,CANGUARETAMA,Falta de atenção,Atropelamento de pessoa,Com Vítimas Feridas,Pleno dia,Nublado,Dupla   ,Rural ,Automóvel,Ileso       ,28.0,Masculino
1211041,02/12/2012,RN,101,CANGUARETAMA,Falta de atenção,Atropelamento de pessoa,Com Vítimas Feridas,Pleno dia,Nublado,Dupla   ,Rural ,(null),Ferido Grave,-1.0,Masculino
1211331,17/11/2012,RN,101,NATAL,Falta de atenção,Colisão traseira,Sem Vítimas        ,Pleno dia,Ceu Claro,Múltipla,Urbano,Automóvel,Ileso       ,38.0,Feminino
1211331,17/11/2012,RN,101,NATAL,Falta de atenção,Colisão traseira,Sem Vítimas        ,Pleno dia,Ceu Claro,Múltipla,Urbano,Automóvel,Ileso       ,20.0,Masculino
1211380,05/11/2012,RN,304,CAICARA DO RIO DO VENTO,Defeito mecânico em veículo,Tombamento,Sem Vítimas        ,Pleno dia,Ceu Claro,Simples ,Rural ,Caminhão-Trator,Ileso       ,38.0,Masculino
1211383,03/12/2012,RN,101,SAO GONCALO DO AMARANTE,Falta de atenção,Colisão traseira,Sem Vítimas        ,Pleno dia,Ceu Claro,Dupla   ,Urbano,Automóvel,Ileso       ,73.0,Masculino
1211383,03/12/2012,RN,101,SAO GONCALO DO AMARANTE,Falta de atenção,Colisão traseira,Sem Vítimas        ,Pleno dia,Ceu Claro,Dupla   ,Urbano,Automóvel,Ileso       ,58.0,Masculino
1211390,30/11/2012,RN,101,NATAL,Falta de atenção,Colisão com objeto fixo,Sem Vítimas        ,Amanhecer,Chuva,Dupla   ,Urbano,Automóvel,Ileso       ,27.0,Masculino
1211477,01/12/2012,RN,406,CEARA-MIRIM,Ingestão de álcool,Colisão lateral,Sem Vítimas        ,Plena noite,Ceu Claro,Simples ,Rural ,Automóvel,Ileso       ,56.0,Masculino
1211477,01/12/2012,RN,406,CEARA-MIRIM,Ingestão de álcool,Colisão lateral,Sem Vítimas        ,Plena noite,Ceu Claro,Simples ,Rural ,Automóvel,Ileso       ,31.0,Masculino
1211574,29/11/2012,RN,101,NATAL,Falta de atenção,Colisão traseira,Sem Vítimas        ,Pleno dia,Sol,Múltipla,Urbano,Automóvel,Ileso       ,60.0,Feminino
1211574,29/11/2012,RN,101,NATAL,Falta de atenção,Colisão traseira,Sem Vítimas        ,Pleno dia,Sol,Múltipla,Urbano,Automóvel,Ileso       ,68.0,Feminino
1211600,02/12/2012,RN,101,PARNAMIRIM,Outras,Colisão traseira,Sem Vítimas        ,Pleno dia,Sol,Dupla   ,Urbano,Automóvel,Ileso       ,56.0,Masculino
1211600,02/12/2012,RN,101,PARNAMIRIM,Outras,Colisão traseira,Sem Vítimas        ,Pleno dia,Sol,Dupla   ,Urbano,Motocicletas,Ileso       ,20.0,Masculino
1211668,03/12/2012,RN,101,NATAL,Desobediência à sinalização,Colisão traseira,Sem Vítimas        ,Pleno dia,Ceu Claro,Dupla   ,Urbano,Automóvel,Ileso       ,40.0,Feminino
1211668,03/12/2012,RN,101,NATAL,Desobediência à sinalização,Colisão traseira,Sem Vítimas        ,Pleno dia,Ceu Claro,Dupla   ,Urbano,Automóvel,Ileso       ,68.0,Masculino
1211771,03/12/2012,RN,101,NATAL,Outras,Atropelamento de pessoa,Com Vítimas Feridas,Anoitecer,Ceu Claro,Dupla   ,Urbano,Automóvel,Ileso       ,27.0,Masculino
1211771,03/12/2012,RN,101,NATAL,Outras,Atropelamento de pessoa,Com Vítimas Feridas,Anoitecer,Ceu Claro,Dupla   ,Urbano,(null),Ferido Leve ,-1.0,Feminino
1211853,03/12/2012,RN,101,PARNAMIRIM,Falta de atenção,Colisão lateral,Sem Vítimas        ,Plena noite,Ceu Claro,Múltipla,Urbano,Ônibus,Ileso       ,34.0,Masculino
1211853,03/12/2012,RN,101,PARNAMIRIM,Falta de atenção,Colisão lateral,Sem Vítimas        ,Plena noite,Ceu Claro,Múltipla,Urbano,Automóvel,Ileso       ,41.0,Masculino
1211879,03/12/2012,RN,101,SAO GONCALO DO AMARANTE,Não guardar distância de segurança,Colisão traseira,Com Vítimas Feridas,Plena noite,Vento,Dupla   ,Rural ,Automóvel,Ileso       ,43.0,Masculino
1211879,03/12/2012,RN,101,SAO GONCALO DO AMARANTE,Não guardar distância de segurança,Colisão traseira,Com Vítimas Feridas,Plena noite,Vento,Dupla   ,Rural ,Motocicletas,Ferido Leve ,22.0,Masculino
1211992,30/11/2012,RN,101,NATAL,Falta de atenção,Colisão traseira,Sem Vítimas        ,Pleno dia,Ceu Claro,Múltipla,Urbano,Automóvel,Ileso       ,41.0,Masculino
1211992,30/11/2012,RN,101,NATAL,Falta de atenção,Colisão traseira,Sem Vítimas        ,Pleno dia,Ceu Claro,Múltipla,Urbano,Automóvel,Ileso       ,19.0,Masculino
1211992,30/11/2012,RN,101,NATAL,Falta de atenção,Colisão traseira,Sem Vítimas        ,Pleno dia,Ceu Claro,Múltipla,Urbano,Automóvel,Ileso       ,34.0,Masculino
1212096,03/12/2012,RN,304,MOSSORO,Defeito mecânico em veículo,Saída de Pista,Sem Vítimas        ,Pleno dia,Ceu Claro,Simples ,Rural ,Automóvel,Ileso       ,39.0,Masculino
1212099,03/12/2012,RN,304,MOSSORO,Falta de atenção,Colisão traseira,Sem Vítimas        ,Pleno dia,Ceu Claro,Simples ,Urbano,Automóvel,Ileso       ,37.0,Masculino
1212099,03/12/2012,RN,304,MOSSORO,Falta de atenção,Colisão traseira,Sem Vítimas        ,Pleno dia,Ceu Claro,Simples ,Urbano,Automóvel,Ileso       ,31.0,Masculino
1212163,04/12/2012,RN,101,NATAL,Falta de atenção,Colisão traseira,Sem Vítimas        ,Pleno dia,Sol,Dupla   ,Urbano,Automóvel,Ileso       ,26.0,Masculino
1212163,04/12/2012,RN,101,NATAL,Falta de atenção,Colisão traseira,Sem Vítimas        ,Pleno dia,Sol,Dupla   ,Urbano,Automóvel,Ileso       ,26.0,Masculino
1212166,04/12/2012,RN,101,NATAL,Falta de atenção,Colisão traseira,Com Vítimas Feridas,Pleno dia,Ceu Claro,Dupla   ,Urbano,Automóvel,Ileso       ,64.0,Masculino
1212166,04/12/2012,RN,101,NATAL,Falta de atenção,Colisão traseira,Com Vítimas Feridas,Pleno dia,Ceu Claro,Dupla   ,Urbano,Motocicletas,Ferido Leve ,-1.0,Masculino
1212172,04/12/2012,RN,405,MOSSORO,Não guardar distância de segurança,Colisão traseira,Sem Vítimas        ,Pleno dia,Nublado,Dupla   ,Urbano,Automóvel,Ileso       ,30.0,Feminino
1212172,04/12/2012,RN,405,MOSSORO,Não guardar distância de segurança,Colisão traseira,Sem Vítimas        ,Pleno dia,Nublado,Dupla   ,Urbano,Caminhonete,Ileso       ,40.0,Masculino
1212236,01/12/2012,RN,101,NATAL,Outras,Atropelamento de pessoa,Com Vítimas Fatais ,Amanhecer,Ceu Claro,Dupla   ,Urbano,Automóvel,Ileso       ,37.0,Masculino
1212236,01/12/2012,RN,101,NATAL,Outras,Atropelamento de pessoa,Com Vítimas Fatais ,Amanhecer,Ceu Claro,Dupla   ,Urbano,(null),Morto       ,49.0,Masculino
1212271,04/12/2012,RN,101,NATAL,Falta de atenção,Colisão traseira,Sem Vítimas        ,Pleno dia,Ceu Claro,Múltipla,Urbano,Automóvel,Ileso       ,29.0,Masculino
1212271,04/12/2012,RN,101,NATAL,Falta de atenção,Colisão traseira,Sem Vítimas        ,Pleno dia,Ceu Claro,Múltipla,Urbano,Automóvel,Ileso       ,42.0,Masculino
1212286,04/12/2012,RN,226,NATAL,Desobediência à sinalização,Colisão Transversal,Com Vítimas Feridas,Pleno dia,Ceu Claro,Simples ,Urbano,Automóvel,Ileso       ,69.0,Masculino
1212286,04/12/2012,RN,226,NATAL,Desobediência à sinalização,Colisão Transversal,Com Vítimas Feridas,Pleno dia,Ceu Claro,Simples ,Urbano,Motocicletas,Ferido Leve ,38.0,Masculino
1212339,08/11/2012,RN,304,ASSU,Ultrapassagem indevida,Colisão lateral,Com Vítimas Fatais ,Plena noite,Ceu Claro,Simples ,Rural ,Motocicletas,Morto       ,31.0,Masculino
1212339,08/11/2012,RN,304,ASSU,Ultrapassagem indevida,Colisão lateral,Com Vítimas Fatais ,Plena noite,Ceu Claro,Simples ,Rural ,Motocicletas,Ferido Leve ,23.0,Masculino
1212339,08/11/2012,RN,304,ASSU,Ultrapassagem indevida,Colisão lateral,Com Vítimas Fatais ,Plena noite,Ceu Claro,Simples ,Rural ,Caminhão-Tanque,Ileso       ,-1.0,Masculino
1212345,04/12/2012,RN,406,CEARA-MIRIM,Não guardar distância de segurança,Colisão traseira,Sem Vítimas        ,Pleno dia,Ceu Claro,Simples ,Urbano,Caminhonete,Ileso       ,31.0,Masculino
1212345,04/12/2012,RN,406,CEARA-MIRIM,Não guardar distância de segurança,Colisão traseira,Sem Vítimas        ,Pleno dia,Ceu Claro,Simples ,Urbano,Automóvel,Ileso       ,-1.0,Masculino
1212378,04/12/2012,RN,101,NATAL,Não guardar distância de segurança,Colisão traseira,Sem Vítimas        ,Pleno dia,Ceu Claro,Dupla   ,Urbano,Automóvel,Ileso       ,34.0,Masculino
1212378,04/12/2012,RN,101,NATAL,Não guardar distância de segurança,Colisão traseira,Sem Vítimas        ,Pleno dia,Ceu Claro,Dupla   ,Urbano,Automóvel,Ileso       ,27.0,Masculino
1212440,04/12/2012,RN,101,NATAL,Falta de atenção,Colisão traseira,Sem Vítimas        ,Plena noite,Ceu Claro,Dupla   ,Urbano,Automóvel,Ileso       ,22.0,Masculino
1212440,04/12/2012,RN,101,NATAL,Falta de atenção,Colisão traseira,Sem Vítimas        ,Plena noite,Ceu Claro,Dupla   ,Urbano,Automóvel,Ignorado    ,-1.0,Masculino
1212512,04/12/2012,RN,405,MOSSORO,Falta de atenção,Colisão Transversal,Sem Vítimas        ,Pleno dia,Ceu Claro,Dupla   ,Urbano,Automóvel,Ileso       ,29.0,Masculino
1212512,04/12/2012,RN,405,MOSSORO,Falta de atenção,Colisão Transversal,Sem Vítimas        ,Pleno dia,Ceu Claro,Dupla   ,Urbano,Automóvel,Ileso       ,37.0,Masculino
1212531,04/12/2012,RN,226,MACAIBA,Falta de atenção,Tombamento,Com Vítimas Feridas,Plena noite,Vento,Simples ,Urbano,Motocicletas,Ferido Grave,50.0,Masculino
1212546,04/12/2012,RN,405,MOSSORO,Animais na Pista,Tombamento,Com Vítimas Feridas,Amanhecer,Ceu Claro,Simples ,Rural ,Caminhão-Trator,Ferido Leve ,42.0,Masculino
1212546,04/12/2012,RN,405,MOSSORO,Animais na Pista,Tombamento,Com Vítimas Feridas,Amanhecer,Ceu Claro,Simples ,Rural ,Caminhão-Trator,Ferido Leve ,62.0,Feminino
1212546,04/12/2012,RN,405,MOSSORO,Animais na Pista,Tombamento,Com Vítimas Feridas,Amanhecer,Ceu Claro,Simples ,Rural ,Caminhão-Trator,Ferido Leve ,16.0,Masculino
1212546,04/12/2012,RN,405,MOSSORO,Animais na Pista,Tombamento,Com Vítimas Feridas,Amanhecer,Ceu Claro,Simples ,Rural ,Caminhão-Trator,Ferido Leve ,9.0,Masculino
1212582,27/11/2012,RN,101,PARNAMIRIM,Não guardar distância de segurança,Colisão lateral,Sem Vítimas        ,Pleno dia,Ceu Claro,Múltipla,Urbano,Caminhão,Ileso       ,37.0,Masculino
1212582,27/11/2012,RN,101,PARNAMIRIM,Não guardar distância de segurança,Colisão lateral,Sem Vítimas        ,Pleno dia,Ceu Claro,Múltipla,Urbano,Caminhonete,Ileso       ,27.0,Masculino
1212582,27/11/2012,RN,101,PARNAMIRIM,Não guardar distância de segurança,Colisão lateral,Sem Vítimas        ,Pleno dia,Ceu Claro,Múltipla,Urbano,Automóvel,Ileso       ,42.0,Feminino
1212585,23/11/2012,RN,101,NATAL,Não guardar distância de segurança,Colisão traseira,Sem Vítimas        ,Plena noite,Ceu Claro,Simples ,Urbano,Ciclomotor,Ileso       ,20.0,Masculino
1212585,23/11/2012,RN,101,NATAL,Não guardar distância de segurança,Colisão traseira,Sem Vítimas        ,Plena noite,Ceu Claro,Simples ,Urbano,Automóvel,Ileso       ,22.0,Masculino
1212597,03/12/2012,RN,406,SAO GONCALO DO AMARANTE,Falta de atenção,Colisão Transversal,Sem Vítimas        ,Pleno dia,Ceu Claro,Dupla   ,Urbano,Caminhão,Ileso       ,36.0,Masculino
1212597,03/12/2012,RN,406,SAO GONCALO DO AMARANTE,Falta de atenção,Colisão Transversal,Sem Vítimas        ,Pleno dia,Ceu Claro,Dupla   ,Urbano,Automóvel,Ileso       ,40.0,Feminino
1212676,01/12/2012,RN,304,LAJES,Defeito mecânico em veículo,Tombamento,Com Vítimas Feridas,Pleno dia,Ceu Claro,Simples ,Rural ,Caminhão,Ferido Leve ,74.0,Masculino
1212676,01/12/2012,RN,304,LAJES,Defeito mecânico em veículo,Tombamento,Com Vítimas Feridas,Pleno dia,Ceu Claro,Simples ,Rural ,Automóvel,Ileso       ,31.0,Masculino
1212712,29/11/2012,RN,101,NATAL,Outras,Colisão traseira,Sem Vítimas        ,Pleno dia,Ceu Claro,Dupla   ,Urbano,Automóvel,Ileso       ,36.0,Feminino
1212712,29/11/2012,RN,101,NATAL,Outras,Colisão traseira,Sem Vítimas        ,Pleno dia,Ceu Claro,Dupla   ,Urbano,Automóvel,Ileso       ,31.0,Masculino
1212712,29/11/2012,RN,101,NATAL,Outras,Colisão traseira,Sem Vítimas        ,Pleno dia,Ceu Claro,Dupla   ,Urbano,Automóvel,Ileso       ,34.0,Masculino
1212733,07/11/2012,RN,427,CAICO,Velocidade incompatível,Colisão lateral,Com Vítimas Feridas,Anoitecer,Ceu Claro,Simples ,Urbano,Motocicletas,Ferido Leve ,42.0,Masculino
1212733,07/11/2012,RN,427,CAICO,Velocidade incompatível,Colisão lateral,Com Vítimas Feridas,Anoitecer,Ceu Claro,Simples ,Urbano,Motocicletas,Ferido Leve ,62.0,Masculino
1212733,07/11/2012,RN,427,CAICO,Velocidade incompatível,Colisão lateral,Com Vítimas Feridas,Anoitecer,Ceu Claro,Simples ,Urbano,Automóvel,Ignorado    ,-1.0,Inválido
1212761,05/12/2012,RN,101,NATAL,Falta de atenção,Atropelamento de pessoa,Com Vítimas Feridas,Pleno dia,Sol,Dupla   ,Urbano,Automóvel,Ileso       ,23.0,Masculino
1212761,05/12/2012,RN,101,NATAL,Falta de atenção,Atropelamento de pessoa,Com Vítimas Feridas,Pleno dia,Sol,Dupla   ,Urbano,(null),Ferido Leve ,76.0,Feminino
1212766,02/12/2012,RN,226,CAMPO REDONDO,Dormindo,Capotamento,Com Vítimas Feridas,Plena noite,Chuva,Simples ,Rural ,Automóvel,Ferido Grave,52.0,Masculino
1212766,02/12/2012,RN,226,CAMPO REDONDO,Dormindo,Capotamento,Com Vítimas Feridas,Plena noite,Chuva,Simples ,Rural ,Automóvel,Ferido Leve ,24.0,Feminino
1212766,02/12/2012,RN,226,CAMPO REDONDO,Dormindo,Capotamento,Com Vítimas Feridas,Plena noite,Chuva,Simples ,Rural ,Automóvel,Ferido Leve ,30.0,Feminino
1212766,02/12/2012,RN,226,CAMPO REDONDO,Dormindo,Capotamento,Com Vítimas Feridas,Plena noite,Chuva,Simples ,Rural ,Automóvel,Ferido Leve ,22.0,Feminino
1212766,02/12/2012,RN,226,CAMPO REDONDO,Dormindo,Capotamento,Com Vítimas Feridas,Plena noite,Chuva,Simples ,Rural ,Automóvel,Ferido Leve ,35.0,Feminino
1212766,02/12/2012,RN,226,CAMPO REDONDO,Dormindo,Capotamento,Com Vítimas Feridas,Plena noite,Chuva,Simples ,Rural ,Automóvel,Ferido Leve ,-1.0,Feminino
1212797,27/11/2012,RN,101,NATAL,Outras,Colisão lateral,Sem Vítimas        ,Pleno dia,Ceu Claro,Múltipla,Urbano,Caminhão-Trator,Ileso       ,43.0,Masculino
1212797,27/11/2012,RN,101,NATAL,Outras,Colisão lateral,Sem Vítimas        ,Pleno dia,Ceu Claro,Múltipla,Urbano,Automóvel,Ileso       ,24.0,Masculino
1212823,02/12/2012,RN,226,SANTA CRUZ,Outras,Colisão com objeto fixo,Sem Vítimas        ,Pleno dia,Ceu Claro,Simples ,Urbano,Automóvel,Ileso       ,48.0,Masculino
1212840,27/10/2012,RN,101,NATAL,Não guardar distância de segurança,Colisão traseira,Sem Vítimas        ,Pleno dia,Chuva,Dupla   ,Urbano,Automóvel,Ileso       ,23.0,Masculino
1212840,27/10/2012,RN,101,NATAL,Não guardar distância de segurança,Colisão traseira,Sem Vítimas        ,Pleno dia,Chuva,Dupla   ,Urbano,Automóvel,Ileso       ,32.0,Masculino
1212840,27/10/2012,RN,101,NATAL,Não guardar distância de segurança,Colisão traseira,Sem Vítimas        ,Pleno dia,Chuva,Dupla   ,Urbano,Automóvel,Ileso       ,24.0,Feminino
1212844,17/11/2012,RN,101,EXTREMOZ,Outras,Queda de motocicleta / bicicleta / veículo,Com Vítimas Fatais ,Pleno dia,Ceu Claro,Simples ,Rural ,Motocicletas,Morto       ,31.0,Masculino
1212844,17/11/2012,RN,101,EXTREMOZ,Outras,Queda de motocicleta / bicicleta / veículo,Com Vítimas Fatais ,Pleno dia,Ceu Claro,Simples ,Rural ,Motocicletas,Ferido Grave,-1.0,Feminino
1213017,03/12/2012,RN,101,PARNAMIRIM,Não guardar distância de segurança,Colisão traseira,Sem Vítimas        ,Pleno dia,Ceu Claro,Dupla   ,Rural ,Automóvel,Ileso       ,40.0,Masculino
1213017,03/12/2012,RN,101,PARNAMIRIM,Não guardar distância de segurança,Colisão traseira,Sem Vítimas        ,Pleno dia,Ceu Claro,Dupla   ,Rural ,Microônibus,Ileso       ,42.0,Masculino
1213083,27/11/2012,RN,101,NATAL,Falta de atenção,Colisão com objeto fixo,Com Vítimas Feridas,Pleno dia,Sol,Dupla   ,Urbano,Ônibus,Ileso       ,36.0,Masculino
1213083,27/11/2012,RN,101,NATAL,Falta de atenção,Colisão com objeto fixo,Com Vítimas Feridas,Pleno dia,Sol,Dupla   ,Urbano,Ônibus,Ferido Grave,29.0,Masculino
1213134,05/12/2012,RN,101,NATAL,Outras,Colisão traseira,Com Vítimas Feridas,Pleno dia,Sol,Múltipla,Urbano,Caminhonete,Ferido Grave,27.0,Feminino
1213134,05/12/2012,RN,101,NATAL,Outras,Colisão traseira,Com Vítimas Feridas,Pleno dia,Sol,Múltipla,Urbano,Automóvel,Ferido Leve ,35.0,Masculino
1213139,05/12/2012,RN,427,CURRAIS NOVOS,Falta de atenção,Colisão lateral,Com Vítimas Feridas,Plena noite,Ceu Claro,Simples ,Urbano,Automóvel,Ileso       ,39.0,Masculino
1213139,05/12/2012,RN,427,CURRAIS NOVOS,Falta de atenção,Colisão lateral,Com Vítimas Feridas,Plena noite,Ceu Claro,Simples ,Urbano,Automóvel,Ferido Leve ,32.0,Masculino
1213139,05/12/2012,RN,427,CURRAIS NOVOS,Falta de atenção,Colisão lateral,Com Vítimas Feridas,Plena noite,Ceu Claro,Simples ,Urbano,Caminhão,Ileso       ,60.0,Masculino
1213202,02/12/2012,RN,304,CAICARA DO RIO DO VENTO,Dormindo,Tombamento,Sem Vítimas        ,Plena noite,Ceu Claro,Simples ,Rural ,Caminhão-Trator,Ileso       ,-1.0,Masculino
1213244,21/11/2012,RN,110,MOSSORO,Outras,Colisão Transversal,Com Vítimas Feridas,Pleno dia,Ceu Claro,Simples ,Urbano,Motocicletas,Ferido Leve ,28.0,Masculino
1213244,21/11/2012,RN,110,MOSSORO,Outras,Colisão Transversal,Com Vítimas Feridas,Pleno dia,Ceu Claro,Simples ,Urbano,Motocicletas,Ferido Leve ,29.0,Masculino
1213271,24/11/2012,RN,101,NATAL,Ingestão de álcool,Colisão frontal,Com Vítimas Fatais ,Plena noite,Ceu Claro,Dupla   ,Urbano,Utilitário,Ferido Leve ,46.0,Masculino
1213271,24/11/2012,RN,101,NATAL,Ingestão de álcool,Colisão frontal,Com Vítimas Fatais ,Plena noite,Ceu Claro,Dupla   ,Urbano,Utilitário,Ferido Leve ,32.0,Feminino
1213271,24/11/2012,RN,101,NATAL,Ingestão de álcool,Colisão frontal,Com Vítimas Fatais ,Plena noite,Ceu Claro,Dupla   ,Urbano,Automóvel,Ferido Leve ,32.0,Masculino
1213271,24/11/2012,RN,101,NATAL,Ingestão de álcool,Colisão frontal,Com Vítimas Fatais ,Plena noite,Ceu Claro,Dupla   ,Urbano,Automóvel,Ferido Grave,-1.0,Feminino
1213271,24/11/2012,RN,101,NATAL,Ingestão de álcool,Colisão frontal,Com Vítimas Fatais ,Plena noite,Ceu Claro,Dupla   ,Urbano,Automóvel,Ferido Grave,33.0,Masculino
1213271,24/11/2012,RN,101,NATAL,Ingestão de álcool,Colisão frontal,Com Vítimas Fatais ,Plena noite,Ceu Claro,Dupla   ,Urbano,Automóvel,Ferido Grave,31.0,Masculino
1213271,24/11/2012,RN,101,NATAL,Ingestão de álcool,Colisão frontal,Com Vítimas Fatais ,Plena noite,Ceu Claro,Dupla   ,Urbano,Automóvel,Morto       ,79.0,Feminino
1213271,24/11/2012,RN,101,NATAL,Ingestão de álcool,Colisão frontal,Com Vítimas Fatais ,Plena noite,Ceu Claro,Dupla   ,Urbano,Automóvel,Morto       ,33.0,Feminino
1213271,24/11/2012,RN,101,NATAL,Ingestão de álcool,Colisão frontal,Com Vítimas Fatais ,Plena noite,Ceu Claro,Dupla   ,Urbano,Utilitário,Morto       ,-1.0,Masculino
1213271,24/11/2012,RN,101,NATAL,Ingestão de álcool,Colisão frontal,Com Vítimas Fatais ,Plena noite,Ceu Claro,Dupla   ,Urbano,Automóvel,Ileso       ,34.0,Feminino
1213271,24/11/2012,RN,101,NATAL,Ingestão de álcool,Colisão frontal,Com Vítimas Fatais ,Plena noite,Ceu Claro,Dupla   ,Urbano,Automóvel,Ileso       ,-1.0,Masculino
1213292,06/12/2012,RN,110,MOSSORO,Falta de atenção,Colisão traseira,Com Vítimas Feridas,Pleno dia,Ceu Claro,Dupla   ,Urbano,Caminhão,Ileso       ,31.0,Masculino
1213292,06/12/2012,RN,110,MOSSORO,Falta de atenção,Colisão traseira,Com Vítimas Feridas,Pleno dia,Ceu Claro,Dupla   ,Urbano,Motocicletas,Ferido Leve ,-1.0,Masculino
1213409,06/12/2012,RN,101,PARNAMIRIM,Falta de atenção,Colisão traseira,Sem Vítimas        ,Pleno dia,Ceu Claro,Múltipla,Urbano,Automóvel,Ileso       ,32.0,Masculino
1213409,06/12/2012,RN,101,PARNAMIRIM,Falta de atenção,Colisão traseira,Sem Vítimas        ,Pleno dia,Ceu Claro,Múltipla,Urbano,Motocicletas,Ileso       ,21.0,Masculino
1213540,06/12/2012,RN,101,PARNAMIRIM,Não guardar distância de segurança,Colisão traseira,Sem Vítimas        ,Pleno dia,Ceu Claro,Dupla   ,Urbano,Caminhão,Ileso       ,27.0,Masculino
1213540,06/12/2012,RN,101,PARNAMIRIM,Não guardar distância de segurança,Colisão traseira,Sem Vítimas        ,Pleno dia,Ceu Claro,Dupla   ,Urbano,Automóvel,Ileso       ,28.0,Masculino
1213545,06/12/2012,RN,226,SANTA CRUZ,Falta de atenção,Colisão lateral,Com Vítimas Feridas,Pleno dia,Sol,Simples ,Rural ,Motocicletas,Ferido Grave,23.0,Masculino
1213545,06/12/2012,RN,226,SANTA CRUZ,Falta de atenção,Colisão lateral,Com Vítimas Feridas,Pleno dia,Sol,Simples ,Rural ,Motoneta,Ferido Grave,68.0,Masculino
1213577,18/11/2012,RN,406,NATAL,Não guardar distância de segurança,Colisão traseira,Sem Vítimas        ,Plena noite,Ceu Claro,Simples ,Urbano,Automóvel,Ileso       ,35.0,Masculino
1213577,18/11/2012,RN,406,NATAL,Não guardar distância de segurança,Colisão traseira,Sem Vítimas        ,Plena noite,Ceu Claro,Simples ,Urbano,Caminhonete,Ileso       ,34.0,Masculino
1213662,06/12/2012,RN,101,NATAL,Outras,Colisão lateral,Sem Vítimas        ,Pleno dia,Ceu Claro,Dupla   ,Urbano,Automóvel,Ileso       ,28.0,Masculino
1213662,06/12/2012,RN,101,NATAL,Outras,Colisão lateral,Sem Vítimas        ,Pleno dia,Ceu Claro,Dupla   ,Urbano,Automóvel,Ileso       ,41.0,Feminino
1213727,06/12/2012,RN,101,NATAL,Falta de atenção,Colisão traseira,Sem Vítimas        ,Pleno dia,Ceu Claro,Dupla   ,Urbano,Automóvel,Ileso       ,21.0,Masculino
1213727,06/12/2012,RN,101,NATAL,Falta de atenção,Colisão traseira,Sem Vítimas        ,Pleno dia,Ceu Claro,Dupla   ,Urbano,Automóvel,Ileso       ,24.0,Masculino
1213837,07/12/2012,RN,101,NATAL,Outras,Colisão traseira,Sem Vítimas        ,Pleno dia,Vento,Dupla   ,Urbano,Ônibus,Ileso       ,41.0,Masculino
1213837,07/12/2012,RN,101,NATAL,Outras,Colisão traseira,Sem Vítimas        ,Pleno dia,Vento,Dupla   ,Urbano,Automóvel,Ileso       ,28.0,Masculino
1213837,07/12/2012,RN,101,NATAL,Outras,Colisão traseira,Sem Vítimas        ,Pleno dia,Vento,Dupla   ,Urbano,Caminhão,Ileso       ,30.0,Masculino
1213883,07/12/2012,RN,427,CAICO,Falta de atenção,Capotamento,Sem Vítimas        ,Pleno dia,Ceu Claro,Simples ,Rural ,Automóvel,Ileso       ,40.0,Masculino
1213993,07/12/2012,RN,101,NATAL,Não guardar distância de segurança,Colisão traseira,Sem Vítimas        ,Pleno dia,Sol,Dupla   ,Urbano,Automóvel,Ileso       ,36.0,Masculino
1213993,07/12/2012,RN,101,NATAL,Não guardar distância de segurança,Colisão traseira,Sem Vítimas        ,Pleno dia,Sol,Dupla   ,Urbano,Automóvel,Ileso       ,30.0,Feminino
1213993,07/12/2012,RN,101,NATAL,Não guardar distância de segurança,Colisão traseira,Sem Vítimas        ,Pleno dia,Sol,Dupla   ,Urbano,Automóvel,Ileso       ,42.0,Masculino
1213993,07/12/2012,RN,101,NATAL,Não guardar distância de segurança,Colisão traseira,Sem Vítimas        ,Pleno dia,Sol,Dupla   ,Urbano,Automóvel,Ileso       ,49.0,Masculino
1214050,07/12/2012,RN,101,CANGUARETAMA,Falta de atenção,Colisão traseira,Sem Vítimas        ,Pleno dia,Ceu Claro,Dupla   ,Rural ,Caminhão,Ileso       ,59.0,Masculino
1214050,07/12/2012,RN,101,CANGUARETAMA,Falta de atenção,Colisão traseira,Sem Vítimas        ,Pleno dia,Ceu Claro,Dupla   ,Rural ,Camioneta,Ileso       ,62.0,Masculino
1214052,07/12/2012,RN,101,PARNAMIRIM,Falta de atenção,Colisão traseira,Sem Vítimas        ,Pleno dia,Ceu Claro,Dupla   ,Urbano,Automóvel,Ignorado    ,-1.0,Inválido
1214052,07/12/2012,RN,101,PARNAMIRIM,Falta de atenção,Colisão traseira,Sem Vítimas        ,Pleno dia,Ceu Claro,Dupla   ,Urbano,Caminhonete,Ignorado    ,-1.0,Inválido